name,entry
get_pte,0x00042830
probex,0x00042a90
prober,0x00042b20
probew,0x00042b60
virtual_to_physical,0x00042ba0
physcheck,0x00042c40
kseg0_to_native,0x00042cf8
native_to_kseg0,0x00042d08
vtop,0x00042d18
ptov,0x00042d20
ansi_parser,0x00042d30
next_ansi_state,0x00043198
sequence_init,0x00042fc0
process_parameter,0x000430a0
process_intermediate,0x00043058
get_keycode,0x00043260
chattributes,0x00043bf0
csi,0x00043718
erase,0x00043a40
esc,0x00043a00
aputchar,0x00043350
scroll,0x000435c8
atoi,0x00043c70
common_convert,0x00043cf0
xtoi,0x00043cb0
str_dyninit,0x00043f70
str_dyncat,0x00043fd0
yy_lex,0x000440d8
yy_get,0x00044858
install_history,0x000443c8
yy_put,0x00044ad8
yy_unget,0x00044a68
yy_sdt,0x00044b08
yy_word,0x00044630
yy_reset,0x00044518
yy_backslash_count,0x00044820
exec_andor,0x00046e78
exec_case,0x00046ff8
exec_command_list,0x000469d0
exec_command_sequence,0x000468f8
exec_for,0x00047230
exec_if,0x00047390
exec_null,0x000474d0
exec_pipe,0x000474e8
exec_simple,0x00047848
exec_loop,0x00047d48
exec_word,0x00047e98
node_add,0x00044bc0
node_make_room,0x00044cd0
node_datum,0x00044c70
node_create,0x00044d38
node_render,0x00044de8
sh_parsub,0x000485e0
free_ptrs,0x00044f58
free_argcv,0x00044fe8
sh_routine,0x00045048
sh_flush,0x00045548
sh_tag,0x00045488
rule_top,0x000457e8
inherit,0x000480f8
sh_accept,0x00045618
syntax_error,0x00045750
sh_match,0x00045658
match_keyword,0x000456c0
rule_command_list,0x00045998
rule_command_sequence,0x000458a8
rule_andor,0x00045af0
rule_pipe,0x00045c28
rule_command,0x00045d38
rule_name,0x00046748
rule_word_list,0x000466a0
rule_term,0x00046888
rule_case,0x00046290
rule_else_part,0x000464b0
rule_simple_command,0x00046128
rule_word,0x00046618
rule_pattern,0x00046838
sh_makesubshell,0x00049090
exec_wait_kids,0x00046cc0
exec_broadcast,0x00046dc8
sh_register,0x00049740
sh_cmdsub,0x00048ad8
sh_blank,0x00049138
sh_genfiles,0x00049498
sh_quote,0x00049618
sh_par_xlate,0x00048228
skip_doublequote,0x000493d0
sh_genfiles_installed,0x00049410
get_raw_input_buffer,0x000497e8
shell_startup,0x000499b8
sh,0x000497f0
shell_cmd,0x00049828
mk_dynamic,0x00049b70
sh_request_exit,0x00049a90
controlc_register,0x00049aa0
sh_cmd,0x00049bf0
kill,0x00049c28
exit_cmd,0x00049cc8
break_cmd,0x00049da0
boot_reset,0x00049e60
eeprom_write_boot_args,0x0004a150
nvr_set_expected_boot,0x0004a400
eeprom_read_boot_args,0x00049ef0
nvr_set_expected_init,0x0004a440
nvr_boot_expected,0x0004a480
nvr_init_expected,0x0004a4f8
map_via_page_table,0x0004ca98
boot,0x0004a570
boot_support,0x0004a5a0
boot_sub,0x0004adb8
boot_disk,0x0004bc08
boot_tape,0x0004be80
boot_pmem,0x0004c4b8
boot_network,0x0004c550
boot_check_boot_block,0x0004c980
boot_get_filename,0x0004c2b8
boot_skip_file,0x0004c1e8
boot_flash,0x0004ca20
install_builtin_commands,0x0004cb60
buildfru,0x0004cc60
support_iic_fru,0x0004f3f8
jedec_checksum,0x0004f118
show_fru,0x0004da00
fruprinttlv,0x0004f560
show_error,0x0004dfe0
clear_error,0x0004e818
find_fru_id,0x0004f208
find_fru_name,0x0004f358
find_pci_vpd,0x0004f600
fru5_pci_vpd,0x0004f978
vpd_data_dump_queue,0x0004fb30
fru5_get_vpd_data,0x0004fbb8
fru5_vpd_data_tlv,0x0004fc78
cb_getc,0x000501d8
cb_puts,0x000503c8
cb_reset_term,0x000505f0
cb_set_term_int,0x000505f8
cb_set_term_ctl,0x000508f0
cb_process_keycode,0x000505a8
cb_open,0x000509b0
cb_close,0x00050f00
cb_read,0x000512e8
cb_write,0x00051560
cb_ioctl,0x00051040
cb_reset_env,0x00051be8
cb_set_env,0x000517c0
cb_get_env,0x00052038
cb_save_env,0x00052330
cb_pswitch,0x00052488
krn$_callback,0x00050080
cb_get_ttfp,0x000500d8
cb_validate_fp,0x00050190
srm_long2short,0x00052690
fc_long2short,0x00052718
dyn$_init,0x00052bf0
dyn$_zfree,0x00052e08
dyn$_badzone,0x000530c8
dyn$_expand,0x00052f18
dyn_merge,0x00053b40
dyn$_chown,0x00053110
dyn$_flush,0x000531f0
free,0x00053848
malloc,0x00053268
dyn$_malloc,0x000532e8
malloc_noown,0x000532a8
dyn_split,0x00053788
dyn$_procstat,0x00053e18
dyn$_free,0x000538d8
dyn$_realloc,0x00053c10
realloc,0x00053d98
realloc_noown,0x00053dd8
dyn$_headers,0x00054070
queue_validate_sorted,0x000542f0
dyn$_consistency,0x00054330
dyn$_validate,0x000546c0
percentage,0x00054708
dyn$_status,0x00054770
dyn$_check,0x00054920
sec_init,0x000549d0
init_cpu_state_all_cpus,0x00054bd8
node_halt_secondaries,0x00054d80
node_halt_primary,0x00054e80
restart_cpu,0x00054ec0
secondary_start,0x00055150
boot_system,0x00055370
system_reset_or_error,0x000554a0
write_ps_high_ipl,0x000556f8
ev_wr_dev,0x00055988
ev_wr_dev_or_pmem,0x00055d60
ev_rd_dev,0x00055e50
ev_rd_ctrl,0x00056118
ev_wr_ffauto,0x000578c0
ev_wr_ffnext,0x00057940
ev_rd_ffnext,0x000579a0
ev_sys_serial_num_wr,0x00057350
ev_memory_test,0x00056ff0
ev_memory_test_init,0x00057058
ev_sev,0x000562a8
ev_sev_init,0x00056350
ev_kbd_hardware_type_wr,0x000558c8
ev_language_wr,0x00055770
ev_sys_serial_num_rd,0x00057490
ev_wr_tt_allow_login,0x000572a0
ev_com1_baud,0x00056740
ev_com2_baud,0x00056a78
ev_com1_baud_init,0x00056878
ev_com1_modem,0x000568f0
ev_com2_modem,0x00056ba0
ev_com1_flow,0x00056998
ev_com2_flow,0x00056c48
ev_com1_mode,0x00057688
ev_com1_mode_init,0x00057738
ev_com1_mode_rd,0x000577b0
ev_com1_flow_init,0x00057848
ev_os_type,0x000570d0
ev_os_type_init,0x00057210
ev_console,0x00056e90
ev_console_init,0x00056ee0
ev_wr_pci_parity,0x00056f60
ev_prompt_wr,0x00057a38
ev_wr_controlp,0x000565c0
ev_wr_scsi_poll,0x00056630
ev_wr_scsi_reset,0x000566b8
ev_heap_expand,0x00057510
ev_heap_expand_init,0x000575e0
ev_prefetch_mode_init,0x00056438
ev_prefetch_mode,0x00056df8
ev_console_memory_allocation,0x00056d38
ev_console_memory_allocation_in,0x00056d90
ev_wr_page_table_levels,0x000564f8
exdep_cmd,0x00057b10
exdep_init,0x00058660
prepend_protocol,0x00058530
read_shell_defaults,0x00058770
symbol_lookup,0x00058a70
write_shell_defaults,0x00058918
get_exdep_symbol,0x00058b38
fopen,0x00059cd8
insq_iob,0x000596e0
remq_iob,0x00059780
init_iob,0x00059818
create_iob,0x00059878
filesys_init,0x00058be0
inode_init,0x00058d30
ddb_startup,0x00058d58
log_driver_init,0x00058e28
ddb_startup_driver,0x00058e30
driver_setmode,0x00058f18
driver_setmode_sub,0x00059178
generate_ddblist,0x0005b500
ilist_lock,0x00059360
ilist_unlock,0x000593a0
allocinode,0x000593e0
freeinode,0x000595c0
allocfp,0x00059600
remove,0x00059918
validate_filename,0x00059a60
create_noopen,0x00059b98
fclose,0x0005a250
getchar,0x0005a358
fgetc,0x0005a3c0
ungetc,0x0005a3b0
fgets,0x0005a460
fread,0x0005a510
fwrite,0x0005a650
putchar,0x0005a708
fputc,0x0005a770
fputs,0x0005a800
fseek,0x0005a890
ftell,0x0005a8f0
isatty,0x0005a910
isapipe,0x0005a928
strcmp_inodes,0x0005a978
fexpand,0x0005a9b8
fexpand_cb,0x0005ae08
inode_render,0x0005b120
finode,0x0005b228
init_file_offset,0x0005b388
common_driver_open,0x0005b400
setattr,0x0005b480
fd_df_atoi,0x0005b5d0
file2dev,0x0005b658
file2dev_parse,0x0005c070
dev2file,0x0005bbb0
dev2file_pb,0x0005bbe8
dev2file_parse,0x0005c1b0
build_hwrpb,0x0005c320
build_tbh,0x0005c5b8
build_ctb,0x0005c880
build_memdsc,0x0005cb60
build_crb,0x0005c9c0
build_slot,0x0005c610
build_ctb_vt,0x0005c918
build_ctb_ws,0x0005c940
rebuild_crb,0x0005cab8
rebuild_memdsc,0x0005cdd0
distributed_memdsc,0x0005d060
hwrpb_valid,0x0005cef0
hwrpb_load_halt,0x0005cfc0
hwrpbtt_rxoff,0x0005d070
hwrpbtt_rxon,0x0005d078
hwrpbtt_rxready,0x0005d080
hwrpbtt_rxread,0x0005d0e0
hwrpbtt_txoff,0x0005d1a8
hwrpbtt_txon,0x0005d1b0
hwrpbtt_txready,0x0005d1b8
hwrpbtt_txsend,0x0005d1f8
hwrpbtt_init,0x0005d2e8
hwrpb_comm_flush,0x0005d518
hwrpb_tt_flush,0x0005d620
default_handler,0x0005d6e0
access_violation,0x0005ecc8
unaligned_fault,0x0005ec48
walk_stack,0x0005da18
sysfault_walk_stack,0x0005d958
count_bits,0x0005e4a8
walk_stack_small,0x0005e2b8
find_pd,0x0005e4a0
default_exception_handler,0x0005e4c8
p_exception_dispatch,0x0005ea08
exception,0x0005e528
int_vector_set,0x0005e5b0
int_vector_clear,0x0005e700
int_vector_handler,0x0005e7d0
exc_vector_set,0x0005e8a8
find_handler,0x0005ea78
exc_vector_clear,0x0005e980
scb_init,0x0005eaf0
getpd,0x0005eeb8
report_fault,0x0005ed48
show_iobq,0x0005eec0
isacfg,0x0005f160
get_table,0x0005fe30
show_isacfg,0x00060680
init_table,0x00060348
conflict_warning,0x0005f840
save_table,0x0005fd18
isacfg_get_device,0x00060e38
can_be_disabled,0x0005f7b0
cant_be_modified,0x0005f720
cant_be_deleted,0x0005f690
checksum_header,0x0005fca0
checksum_table,0x0005fcd0
isacfg_set_usb_enable,0x00060618
show_isa_config,0x00060800
isacfg_get_irqs,0x00060f50
isacfg_chk_local_devs,0x00061050
null_procedure,0x00061158
null_flush,0x00061140
null_txready,0x00061148
null_txsend,0x00061150
fatal_procedure,0x00061160
krn$_unique,0x00061168
krn$_unique_number,0x000611e0
krn$_init_spinlock,0x00061270
krn$_idle,0x000612d0
schedule,0x00061f28
show_version,0x00062230
reschedule,0x000623e0
exdep_rsvdop_handler,0x000624b0
establish_setjmp,0x000624f8
find_setjmp,0x000625e8
console_exit,0x00062668
krn$_set_console_mode,0x00063468
reestablish_ctb_mode,0x00063328
restore_term_state,0x00063130
execute_loaded_code,0x00062e00
save_term_state,0x00062f50
console_exit_use_tt,0x00062d28
unicheck,0x00063320
set_all_pcb_ipls,0x00063380
arcboot,0x00063990
insert_pb,0x00063998
insert_sb,0x00063a88
insert_ub,0x00063b78
insert_wwid,0x00063c68
wwid_2_unit,0x00065900
remove_pb,0x00063d78
remove_sb,0x00063e48
remove_ub,0x00063f18
strcmp_pb,0x00063fe8
strcmp_sb,0x00064058
strcmp_ub,0x00064098
pb_name_match,0x000640d8
get_matching_pb,0x00064218
controller_id_to_num,0x000643c8
controller_num_to_id,0x00064430
set_io_prefix,0x000644f8
set_io_name,0x000645a8
set_io_alias,0x000646b0
hd_helper,0x00064768
write_pc,0x00064a68
write_gpr,0x00064b00
read_gpr,0x00064bc0
write_ipr,0x00064c80
read_ipr,0x00064d40
write_pt,0x00064e00
read_pt,0x00064ec0
twos_checksum,0x00064f80
numfrombytes,0x00065070
wwidcmp,0x000650b0
wwid2wwev,0x00065190
wwev2wwid,0x00065388
find_wwidfilter_from_unit_col,0x00065610
find_wwidfilter_from_evnum,0x00065678
find_wwidfilter_from_wwids,0x000656d0
fc_find_portname,0x000657b0
krn$_start,0x00024000
krn$_init,0x001c6200
exit_console,0x001c6f3c
getpcb,0x001c62d0
sysfault,0x001c62d8
sysfault_nohalt,0x001c630c
callers_pc,0x001c6f10
get_sp,0x001c6f28
countdown,0x001c6f30
do_bpt,0x001c640c
swap_context,0x001c667c
update_context,0x001c6668
spinlock,0x001c6414
spinunlock,0x001c64c8
scrub_mem,0x001c6614
_bbssi,0x001c65d0
_bbcci,0x001c6620
mbpr_stqc,0x001c65c4
mfpr64,0x001c6898
mtpr64,0x001c678c
mfpr_ipl,0x001c6990
mtpr_ipl,0x001c6998
mfpr_mces,0x001c69a0
mtpr_mces,0x001c69a8
mfpr_scbb,0x001c69b0
mtpr_scbb,0x001c69bc
mfpr_whami,0x001c69c8
mtpr_ipir,0x001c69d0
mtpr_exc_addr,0x001c69d8
mtpr_datfx,0x001c69e0
ldb,0x001c69e8
ldw,0x001c69f4
ldl,0x001c6a00
ldq,0x001c6a34
ldo,0x001c6a40
ldh,0x001c6a58
stb,0x001c6a80
stw,0x001c6a8c
stl,0x001c6a98
stq,0x001c6acc
sto,0x001c6ad8
sth,0x001c6af4
ldqp,0x001c6b24
stqp,0x001c6b38
ldqp_u,0x001c6b48
stqp_u,0x001c6bb0
addq_v_u,0x001c6c50
rscc,0x001c655c
cserve,0x001c656c
cflush,0x001c6574
mb,0x001c657c
imb,0x001c6584
wh64,0x001c658c
quadset,0x001c6594
log2,0x001c65ac
math$log2_g,0x001c65ac
decc$glog2,0x001c65ac
common_isr,0x001c6d4c
krn$_setjmp,0x001c6c60
krn$_longjmp,0x001c6cd4
decc$longjmp,0x001c6cd4
memset,0x00065970
memcpy,0x000659f0
memcmp,0x00065a58
memswp,0x00065ac8
mopdl_close,0x000673c8
mopdl_open,0x000671e8
mopdl_read,0x00066ea0
mop_backoff_transact,0x00066b28
mop_dump_load,0x000669a8
mop_handle_dump_load,0x000667c0
mop_handle_asst_vol,0x000666f8
mop_handle_mem_load,0x000664c0
mop_handle_mem_load_w_xfer,0x00066290
mop_handle_param_load_w_xfer,0x00065e00
mop_send_req_program,0x00065c10
mop_send_req_mem_load,0x00065b40
mop_build_loop_data,0x00068510
mop_build_loop_fwd,0x00068430
mop_fill,0x000683d8
mop_handle_loopback,0x00068210
mop_handle_loop_reply,0x00067fb0
mop_loop_init,0x00067e18
mop_loop_requester,0x00067b50
moplp_wait,0x00067930
mop_send_loop_fwd,0x00067690
mop_send_loop_tst,0x00067810
mop_send_loop_pt_pt,0x00067530
init_mop_counters,0x000697e0
print_enet_address,0x000698b8
print_memory,0x00069718
print_mop_counters,0x00069928
print_pkt,0x00069b30
pprint_pkt,0x00069c40
convert_enet_address,0x00069e88
set_timer,0x00069d50
wait_msg,0x00069e08
ndl_allocate_msg,0x00068d68
ndl_allocate_pkt,0x00068f30
ndl_deallocate_msg,0x00068dd8
ndl_deallocate_pkt,0x00068fc0
ndl_get_nisa,0x00068d30
ndl_handle_dl_msg,0x000688c0
ndl_handle_msg,0x00068b10
ndl_init,0x000685c0
ndl_preallocate,0x000691c8
ndl_rcv_info_size,0x000696d8
ndl_receive_msg,0x00068770
ndl_reuse_msg,0x00068e28
ndl_send,0x00069000
ndl_set_rcv,0x00069360
ndl_send_test,0x00069538
ndl_send_xid,0x00069430
ndl_unsupported_msg,0x00069658
ndl_handle_valid_dl_msg,0x00068930
ndl_shutdown,0x00068688
ni_error,0x0006a058
nextarg,0x0006a1e0
pcrlf,0x0006a1f8
printf,0x0006a590
column_print,0x0006a238
printf_putchar,0x0006a338
store_file,0x0006a3e0
printf_flush,0x0006a4a0
store_tt_poll,0x0006a448
store_buf,0x0006a488
no_mapping,0x0006a500
sprintf,0x0006a508
common_print,0x0006ad58
fprintf,0x0006a6a8
qprintf,0x0006a750
pprintf,0x0006a828
err_printf,0x0006a8c8
next_token,0x0006aa68
translate,0x0006b620
convert_number,0x0006b230
convert_string,0x0006aee8
store_bytes,0x0006b5a8
print_progress,0x0006b0a0
progress_failure,0x0006b120
clear_progress,0x0006b1a0
remove_progress,0x0006b1b8
probe_pci_bus,0x0006be08
handle_pci_bridge,0x0006c3b8
handle_pci_device,0x0006c658
probe_propogate_pci_bus,0x0006ccd0
probe_configure_pci_bus,0x0006ceb0
handle_pci_isa_bridge,0x0006c330
probe_isa_bus,0x0006d290
find_pb,0x0006b640
find_dev_pb,0x0006b7c8
find_device_pb,0x0006b8f0
find_io_device,0x0006ba78
probe_pci,0x0006bad0
probe_assign_letters,0x0006d440
psi_cleanup,0x0006dac8
find_io_name,0x0006d920
handle_cardbus_bridge,0x0006d968
pci_add_region,0x0006d1b0
dec_pci_pci_bridge,0x0006d1d0
find_io_bus,0x0006d688
probe_io,0x0006d6c0
krn$_process,0x0006db60
krn$_kill,0x0006ecf0
krn$_findpcb,0x0006de30
krn$_find_controlling_tt,0x0006ded8
krn$_setaffinity,0x0006dfd8
krn$_setpriority,0x0006e058
krn$_create,0x0006e0d8
krn$_delete,0x0006e7a0
krn$_dead,0x0006e860
krn$_walkpcb,0x0006e9c8
killpending,0x0006ee20
check_kill,0x0006ee68
stack_check,0x0006eed8
show_process_stack_usage,0x0006ef78
powerup,0x0006f0f0
qscan,0x0006f750
next_element,0x0006fe98
classify_specifier,0x0006ffb8
insq,0x00070060
insq_lock,0x00070080
insq_lock_tail,0x00070110
insq_lock_head,0x000701a0
remq,0x00070230
remq_lock,0x00070250
insq_sorted,0x000702d0
random,0x00070370
rcb_init,0x000703c0
read_with_prompt,0x00070448
clone_rcb,0x000710e0
render_line,0x00071038
regexp_foldcase,0x000714a8
regexp_release,0x00071500
setbit,0x00071e68
regexp_extract,0x00071130
regexp_compile,0x000711b0
compile_class,0x00071568
mayberegular,0x000717a0
regexp_shell,0x000717e0
regexp_match,0x00071b20
anchored_match,0x00071c48
regexp_subset,0x00071b90
getbit,0x00071dc0
getbit64,0x00071df8
scsi_delete,0x000729d8
scsi_setmode,0x00072c50
dk_read,0x00071ee0
dk_write,0x00072140
dk_open,0x000723e8
dk_close,0x00072548
mk_read,0x000725f8
mk_write,0x000726e8
mk_open,0x000727c8
mk_close,0x00072910
dk_read_sub,0x00072000
scsi_unit_okay,0x00072b20
scsi_send_dk_read,0x00073858
dk_write_sub,0x00072260
scsi_send_dk_write,0x00073968
scsi_send_test_unit_ready,0x00073750
scsi_send_mode_select,0x000734e8
scsi_send_read_capacity,0x000735f8
scsi_send_mk_read,0x00073a78
scsi_send_mk_write,0x00073b98
scsi_send_rewind,0x000737b0
scsi_init,0x000729c8
scsi_lun_map,0x000753d8
scsi3_report_luns,0x00072c68
scsi_swap_data,0x00075360
scsi_send,0x00074f80
scsi_send_inquiry,0x00072d80
is_scsi3,0x00075390
scsi3_send_inquiry,0x00072f68
scsi2_send_inquiry,0x00072df0
scsi_new_unit,0x00073d98
scsi_get_page,0x00075770
scsi3_get_wwid,0x000758b0
scsi3_get_alias,0x000754e0
scsi_send_start_unit,0x00073368
scsi_send_mk_write_filemarks,0x00073c98
scsi_break_vc,0x00074678
scsi_rundown,0x00074770
scsi_analyze_check,0x000748e0
scsi_send_prout,0x00076020
scsi3_get_udid,0x00075ea0
scs_alloc_appl_msg,0x00076110
scs_receive,0x00076208
scs_send_con_rsp,0x00076a98
scs_send_acc_rsp,0x00076b20
scs_send_rej_rsp,0x00076bb0
scs_send_disc_rsp,0x00076cc0
scs_connect,0x00076518
scs_send_appl_msg,0x00076d48
scs_disconnect,0x00076770
scs_break_vc,0x00076930
scs_discard_cb,0x00076830
scs_send_con_req,0x00076970
scs_send_disc_req,0x00076c30
krn$_sem_startup,0x00076de0
krn$_seminit,0x00076df8
krn$_semrelease,0x00076eb0
krn$_semreinit,0x00076f80
krn$_wait,0x00077018
krn$_post,0x00077168
krn$_bpost,0x000773b0
krn$_post_wait,0x000775b8
showhwrpb,0x00077810
showmap,0x00077880
showmap_level2,0x00077af8
set,0x00077d20
sethost,0x00078f48
create,0x00078400
show,0x00078408
showdevice,0x00079698
showraid,0x00079928
showcluster,0x000794f0
ev_render,0x00078c70
clear,0x00078b40
switch_primary,0x00078df8
sethost_dup,0x000790c0
sethost_dup_sub,0x000793d8
build_cmd,0x00079960
shellsort,0x00079970
stop,0x00079a90
stop_drivers,0x00079ef0
start_drivers,0x00079db8
start_cmd,0x00079fc8
continue_cmd,0x0007a1c8
init,0x0007a448
strlen,0x0007a560
strcpy,0x0007a580
strncpy,0x0007a5a0
strcat,0x0007a610
strncat,0x0007a648
strcspn,0x0007a6a8
strspn,0x0007a758
strpbrk,0x0007a808
strstr,0x0007a8b8
strchr,0x0007a930
strrchr,0x0007a960
strcount,0x0007a990
strcmp,0x0007aa38
strncmp,0x0007aa98
strcmp_nocase,0x0007ab08
strwcmp_nocase,0x0007ac50
strncmp_nocase,0x0007ada8
substr,0x0007af08
substr_nocase,0x0007af58
strelement,0x0007aff0
strupper,0x0007b130
strlower,0x0007b190
timer_interrupt,0x0007be48
krn$_create_delayed,0x0007b1f0
krn$_timer,0x0007b368
krn$_timebase_init,0x0007b840
krn$_poll,0x0007b728
krn$_reset_toy,0x0007b8e0
krn$_readtime,0x0007ba20
krn$_micro_delay,0x0007ba58
krn$_sleep,0x0007bb38
krn$_init_timer,0x0007bcc8
krn$_release_timer,0x0007bd68
krn$_start_timer,0x0007bdf0
krn$_stop_timer,0x0007be40
timer_check,0x0007bfb8
krn$_timer_set_cycle_time,0x0007c200
krn$_psec_cycle,0x0007c560
krn$_timer_get_cycle_time,0x0007c578
start_timeout,0x0007c590
stop_timeout,0x0007c638
tr_cmd,0x0007c6a0
expand_string,0x0007cad8
invert_string,0x0007c9a0
tr_next,0x0007ca30
uptime,0x0007cbf0
platform,0x0007ccb0
whoami,0x0007ccd8
primary,0x0007cd18
node_halt,0x0007cd58
start_secondaries,0x0007cd60
start_secondary,0x0007cd68
console_restart,0x0007cd70
clear_cpu_errors,0x0007cdf8
reset_cpu,0x0007ce98
get_srom_revision,0x0007cec8
build_dsrdb,0x0007d048
get_sysvar,0x0007d2d8
config_get_device,0x0007d2e0
fake_bpt,0x0007d330
xdelta,0x0007d3a0
arc_load_scb,0x0007d3e0
arc_to_srm,0x0007d4e0
jump_to_arc,0x0007d620
load_arc_fw,0x0007d710
arc,0x0007dab8
rcu,0x0007db20
jtopal,0x0007db88
ev_wr_shutdown_temp,0x0007dc00
ev_rd_shutdown_temp,0x0007dd98
validate_temp_value,0x0007dde8
print_environ_data,0x0007df28
show_power,0x0007e180
show_cpu,0x0007e9d0
halt_switch_in,0x0007eb40
gct_power_off_cpu,0x0007ecb8
gct_power_on_cpu,0x0007ecc0
gct_power_off_hose,0x0007ecc8
gct_power_on_hose,0x0007ecd0
init_serial_port,0x0007ece0
pb_reinit,0x0007eee0
platform_init1,0x0007ef60
platform_init2,0x0007f000
prefetch_onoff,0x0007f188
initialize_hardware,0x0007f1c0
reset_hardware,0x0007f350
io_get_window_base_rt,0x00080a20
xportx,0x0007f700
inportb,0x0007f7a8
inportw,0x0007f7e8
inportl,0x0007f828
outportb,0x0007f860
outportw,0x0007f898
outportl,0x0007f8d0
xdmem,0x0007f908
xmemx,0x0007f960
inmemb,0x0007f9b0
inmemw,0x0007f9f0
inmeml,0x0007fa30
inmemq,0x0007fa70
outmemb,0x0007faa8
outmemw,0x0007fae0
outmeml,0x0007fb18
outmemq,0x0007fb50
indmeml,0x0007fb88
indmemq,0x0007fbb8
outdmeml,0x0007fbe8
outdmemq,0x0007fc18
xcfgx,0x0007fc48
incfgb,0x0007fd10
incfgw,0x0007fd50
incfgl,0x0007fd90
outcfgb,0x0007fdc8
outcfgw,0x0007fe00
outcfgl,0x0007fe38
xtig,0x0007fe70
intig,0x0007fec8
outtig,0x0007ff00
tsunami_probe_local,0x0007ff38
probe_pci_setup,0x0007ff48
probe_pci_cleanup,0x0007fff0
read_pci_id_handler,0x00080010
read_pci_id,0x00080098
get_hose_type,0x00080150
get_pci_csr_vector,0x00080168
pci_handler,0x00080870
set_pci_parity,0x000808d0
readtsunamicsr,0x00080940
writetsunamicsr,0x000809b0
read_io_csr,0x00080978
write_io_csr,0x000809e8
in_flash,0x000812c0
out_flash,0x00081308
setup_io,0x00080ed8
powerupprogress,0x00081350
probe_local,0x00081398
use_eisa_ecu_data,0x000813d0
sys_irq_init,0x000813d8
assign_pci_vector,0x000813f8
fetch_pci_vector,0x000814f8
io_get_vector,0x00081538
io_issue_eoi,0x00081540
io_disable_interrupts,0x00081628
io_enable_interrupts,0x000817a8
pc264_ipir,0x00081928
pc264_perfmon_isr,0x00081998
pc264_unexpected_int,0x00081a08
iic_write_csr,0x00081a68
iic_read_csr,0x00081ad8
iic_chip_reset,0x00081b50
mc_sg_map_on,0x00081b58
mc_sg_map_off,0x00081be0
bios_sg_map_on,0x00081c20
bios_sg_map_off,0x00081cc0
get_com1_baud,0x00081d40
set_com1_baud,0x00081ec0
get_com1_flow,0x00082018
set_com1_flow,0x00082110
get_com1_mode,0x00082200
set_com1_mode,0x000822f8
pc264_pc_dump,0x00082420
pc264_csr_dump,0x00082550
pc264_cpu_dump,0x00082728
pc264_system_dump,0x000828b0
mcheck_handler,0x00082950
mcheck_handler_620,0x00082b80
mcheck_handler_630,0x00082cf8
parse_error,0x00082f88
machine_handle_nxm,0x000832f8
mcheck_handler_680,0x00082e70
jputc,0x001c7040
jgetc,0x001c706c
jxgetc,0x001c7088
j_rx_ready,0x001c70b0
ldbu,0x001c70d0
stbu,0x001c70d8
outledport,0x001c70e0
get_cchip_reg,0x001c7100
get_array_size,0x00083350
get_array_base,0x000833c8
collect_memory_chunks,0x00083410
memdiag,0x00083630
memconfig,0x00083718
build_bitmap,0x000839b8
addr_to_brd,0x00083a48
turn_off_edc,0x00083a50
turn_on_edc,0x00083a58
get_bcache_size,0x00083a60
showmem,0x00083af8
show_firmware,0x00083ea8
show_core_system,0x00083f60
show_pci_config,0x00084310
show_ubs,0x00084518
show_bcache,0x00084688
showconfig,0x00083d00
init_flash_rom,0x00084c60
read_flash_rom,0x00084de0
write_flash_rom,0x00084e90
about_the_console,0x00085c90
dump_bitmap,0x00085dc0
dump_pal_info,0x000865b0
dump_short_imp,0x00086540
dump_long_imp,0x00086578
dump_logout,0x000868a0
hwrpb_parallel,0x00086e80
dump_tsunami_csrs,0x00087d10
dump_page_tables,0x000879c8
dump_console,0x00087348
dump_scb,0x00087c38
showfrutree,0x00088120
printrange,0x000850b0
showbitmap,0x00085128
showmemdesc,0x00085250
imp_out,0x000853f0
crd_out,0x000855d8
lg_out,0x000857b8
slot_out,0x00085998
info,0x00085b58
dump_impure,0x00085df0
find_halt_text,0x00087308
display_pt_level,0x00087838
write_jedec,0x000899a0
read_jedec,0x00089bc8
gct_sys_serial_write,0x00089d60
dynamic,0x0008a010
alloc_cmd,0x0008a290
free_cmd,0x0008a4e0
cat,0x0008a580
cat_helper,0x0008a798
check,0x0008a9f0
chmod,0x0008ac20
cmp,0x0008aef0
debug1,0x0008b370
alpha_insdecode,0x0008b450
parseopcode,0x0008b558
parsememoryoperands,0x0008b7f8
parsebranchoperands,0x0008b988
parseoperateoperands,0x0008baa8
parsefloatoperands,0x0008bcd0
parsesyncoperands,0x0008bd98
translateintegerregister,0x0008c0b0
translatefloatregister,0x0008c230
translateimmediate,0x0008c300
printintegerregister,0x0008c118
printinstructionregister,0x0008c7c8
printbsradr,0x0008c8b0
printpdsymbol,0x0008c928
appendhex,0x0008c338
appendrad50,0x0008c430
appendchar,0x0008c640
appendstring,0x0008c588
lib$ins_decode,0x0008b380
parsemtmfoperands,0x0008be68
parseops,0x0008b7a8
lib$ins_registers,0x0008c680
lib$sym_lookup,0x0008c9a8
lib$ovly_display,0x0008ca80
lib$ovly_pc,0x0008ca88
lib$sym_pc,0x0008ca98
lib$walk_stack,0x0008cb50
lib$display_processes,0x0008cef8
lib$break_at_ovly,0x0008cf78
lib$sym_expand_cb,0x0008cf80
lib$sym_expand,0x0008cfe8
lib$dynamic,0x0008d0e8
lib$call_rtn,0x0008d168
lib$call_cmd,0x0008d2d8
lib$toggle,0x0008d5c0
diag_init,0x0008d5d0
diag_print_end_of_pass,0x0008df08
diag_print_startup,0x0008e040
diag_print_test_trace,0x0008e1c8
diag_start,0x0008e328
find_pcb_iob,0x0008efe8
diag_rundown,0x0008e4f8
report_error,0x0008e6d0
report_error_lock,0x0008e790
report_error_release,0x0008eae8
report_failure,0x0008ecc8
log_failure,0x0008ed10
report_failure_quad,0x0008ede8
genyear,0x0008f0c8
non_modular_diag_write,0x0008f188
diag_ev_init,0x0008f300
element,0x0008f430
echo,0x0008f5f0
edit,0x0008f700
edit_sub,0x0008f8b8
edit_replace,0x0008ff10
edit_list,0x0008fe30
edit_renumber,0x0008fed8
edit_help,0x00090028
edit_delete,0x00090068
edit_sort,0x00090190
edit_find,0x00090158
op_if,0x000902d0
op_add,0x00090308
op_sub,0x00090328
op_mul,0x00090348
op_div,0x00090368
op_rem,0x000903a0
op_and,0x000903d8
op_or,0x000903f8
op_xor,0x00090418
op_lt,0x00090438
op_le,0x00090458
op_eq,0x00090478
op_ne,0x00090498
op_ge,0x000904c0
op_gt,0x000904e0
op_lsh,0x00090500
op_rsh,0x00090520
op_log,0x00090540
op_not,0x00090590
op_ent,0x000905b0
op_del,0x00090638
op_srnd,0x00090668
op_rnd,0x000906d8
op_assign,0x00090740
eval,0x00090870
eval_cmd,0x00090b40
find_field,0x00090dd0
grep,0x00091010
grep_helper,0x000912d0
mask_to_id,0x000914b0
memcpy64,0x00091588
galaxy_isolate_partition,0x00091640
assign_hw,0x00091648
jedecserialnum,0x00091650
pci_cfg_base,0x00091768
gct_init$pc264_hw,0x000917a0
build_smb_hw,0x00091aa0
build_cpu_hw,0x00091c88
build_iop_hw,0x00092178
build_memory_sub_hw,0x00092d30
build_power_hw,0x000932c0
build_fru_root,0x000936b0
build_smb_fru,0x00093a28
build_power_fru,0x00094af8
build_cpu_fru,0x00093ec8
gct_init$pc264_sw,0x00091a20
build_sw_root,0x00095048
build_hose_hw,0x000924b0
build_bus_hw,0x00092628
build_isa_ioctrl_hw,0x000928b0
build_ioctrl_hw,0x00092a90
build_memory_ctrl_hw,0x00092e90
build_memory_desc_hw,0x00093160
build_pci_fru,0x00094760
build_memory_fru,0x000942a0
gct$find_node,0x00095f58
gct$validate_partition,0x00096d68
gct$update_gmdb,0x000971f8
gct$get_max_partition,0x00096138
gct$update_galaxy_id,0x00097308
gct_util$strtouq,0x000959c8
gct__alloc_node,0x00095b50
gct__create_mem_desc,0x00097640
gct__create_mem_sub,0x000977b0
gct__create_iop,0x000978d8
gct__delete_node,0x00095cb0
gct__cpu_init,0x00095f28
gct__partition_init,0x00095f00
gct__mem_frag_init,0x00097bf0
gct__insert_node,0x00095cb8
gct,0x00095530
gct_init$init_tree,0x00098d30
gct_init$populate_tree,0x00098ff8
gct_init$configure_galaxy,0x000991a8
gct_build_platform_tree,0x00095888
build_tlv,0x00095890
gct_util$appendchar,0x000959a8
gct__lock_tree,0x000960e0
gct__validate_handle,0x00097820
gct__unlock_tree,0x00096108
gct__lookup_node,0x00097948
gct__assign_hw_to_partition,0x000965f0
gct__assign_hw_to_community,0x00096a08
gct__deassign_hw_from_owner,0x00096ba0
gct$update_instance_name,0x00097468
gct__assign_fragment,0x00097c98
gct__deassign_fragment,0x00098330
galaxy_set_run_bit,0x00098480
galaxy_increment_current_level,0x00098a88
galaxy_increment_incarnation,0x00098810
gct_os_type,0x00099820
dump_tlv,0x00098b20
build_fru_table,0x00098c78
gct_init$bind_node,0x00099730
gct$power_hw,0x000998b0
gct$set_error_target,0x000998b8
gct$find_sys_change,0x000998c0
gct$set_node_flags,0x000998c8
gct$clear_node_flags,0x000998d0
galaxy_tx_tree_update,0x000998d8
gctverify,0x00099b40
is_software_node,0x00099de8
incr_desc_num,0x00099e18
srom21143_edit,0x00099e30
srom21143_show,0x0009a0c0
read_21143srom,0x0009a970
uwire_srom_wr,0x0009bd20
uwire_srom_ewen,0x0009b3c8
srom_display_21143,0x0009a810
calc_short_crc,0x0009c9d8
calc_byte_crc,0x0009cb18
calc_short_mcrc,0x0009ca78
hd,0x0009cbb0
hd_block,0x0009cdf8
line,0x0009cf70
login,0x0009d090
ls,0x0009d290
ls_cb,0x0009d408
moprc_in,0x0009e410
moprc_out,0x0009e330
moprc_read,0x0009e288
moprc_rx,0x0009e0c8
moprc_tx,0x0009e050
moprc_write,0x0009e1c8
mop_handle_con_cmd_n_poll,0x0009de50
mop_handle_res_console,0x0009d948
mop_handle_rel_console,0x0009d770
mop_handle_sys_id,0x0009dc20
mop_rc_watchdog,0x0009d6b0
mop_release_console,0x0009d640
mop_send_rem_boot,0x0009e4b8
mop_send_req_counters,0x0009d580
mop_send_req_id,0x0009d480
mop_system_id_print,0x0009e648
moprctt_rxoff,0x0009e840
moprctt_rxon,0x0009e848
moprctt_rxready,0x0009e850
moprctt_rxread,0x0009e870
moprctt_txoff,0x0009e8b0
moprctt_txon,0x0009e8b8
moprctt_txready,0x0009e8c0
moprctt_txsend,0x0009e8e8
moprctt_init,0x0009e928
more,0x0009ea70
more_helper,0x0009ec88
prcache,0x0009ee50
trans_presto_ssn,0x0009f358
pci_nvram_find,0x0009f4d0
pci_nvram_get_pb,0x0009f990
pci_nvram_configured,0x0009f508
pci_nvram_test_status,0x0009f538
pci_nvram_zero,0x0009f5c8
pci_nvram_bat_enable,0x0009f670
pci_nvram_disp_status,0x0009f6d0
ps_command,0x0009f9e0
set_affinity,0x0009fa20
set_priority,0x0009fab0
rm,0x0009fb40
run,0x0009fc30
kbd_not_ready,0x000a0240
open_bios,0x000a0250
open_bios_sub,0x000a03e8
run_bios,0x000a06d0
show_bios,0x000a1058
bios_rom_info,0x000a12e8
exec_bios,0x000a0c28
close_bios,0x000a0f00
run_bios_init,0x000a0188
bios_target_valid,0x000a1510
set_bios_target,0x000a1660
clear_bios_target,0x000a1690
bios_interrupt,0x000a16b0
check_smart_array_status,0x0009fe20
bios_rom_id_valid,0x000a0200
null_vga_txsend,0x000a0248
keyboard_ready,0x000a06c8
rb_find_cd_device,0x000a17a0
bios_support,0x000a1508
clear_password,0x000a2208
set_secure,0x000a1ba0
ev_wr_pwd,0x000a1df8
ev_pwd_init,0x000a2378
cap_and_pad,0x000a1c48
password_fcs,0x000a1d48
valid_save_pwd,0x000a2090
semaphore,0x000a23e0
krn$_walksemaphore,0x000a2418
sim_alloc_ccb,0x000a3038
sim_read_long_csr,0x000a3fd0
sim_write_long_csr,0x000a4008
sim_set_channel_state,0x000a33b0
sim_channel_state_set_response,0x000a34f0
sim_init,0x000a2660
sim_reset,0x000a2c68
sim_cleanup,0x000a3de8
sim_init_queue,0x000a2a10
sim_set_adapter_state,0x000a30b0
queue_insert,0x000a2d10
sim_set_parameters,0x000a3278
sim_malloc,0x000a2ad0
sim_free,0x000a2b48
sim_free_all,0x000a2bb8
queue_remove,0x000a2f30
sim_poll,0x000a3bc8
sim_adapter_state_set_response,0x000a31c0
sim_set_device_state,0x000a3560
cam_wait_for_cmd_done,0x000a3880
sim_device_state_set_response,0x000a3670
sim_execute_scsi_io,0x000a36c0
sim_reset_scsi_bus,0x000a3750
sim_check_status,0x000a37f8
sim_proc_int,0x000a3908
sim_proc_adrq,0x000a39f0
sim_dump_registers,0x000a3e68
log_sim_error,0x000a3da0
sim_poll1,0x000a3cd0
sleep,0x000a4040
sort,0x000a4120
sort_helper,0x000a42b8
sound,0x000a43f0
yellow,0x000a4738
msleep,0x000a4608
tone,0x000a4650
sym_find_name,0x000a4c10
find_pd_symbol,0x000a4ca0
true_cmd,0x000a4d50
false_cmd,0x000a4d58
queue_validate,0x000a4d60
wc,0x000a4f30
wc_count,0x000a5238
wc_render,0x000a5168
lfu_get_rev,0x000a83e0
lfu_get_options_firmware,0x000a88b8
lfu_listfw_cb_helper,0x000a7d48
lfu,0x000a53c0
lfu_list_support,0x000a6a88
lfu_print_device_name,0x000a79d0
lfu_strstrip,0x000a7960
lfu_name_cb,0x000a7b28
lfu_listfw_cb,0x000a7bf8
lfu_verify,0x000a6ef8
lfu_update,0x000a71d8
lfu_get_firmware,0x000a7f50
go_close_firmware,0x000a8198
go_open_firmware,0x000a82b8
lfu_get_options_firmware_helper,0x000a9f18
lfu_get_firmware_helper,0x000a9ff8
lfu_call_shell_cmd,0x000aa388
lfu_check_fw_device,0x000ab9f8
lfu_find_cd_device,0x000a9b20
lfu_find_flpy_device,0x000a98a8
lfu_update_helper,0x000a7320
lfu_invoke_script,0x000a5eb0
lfu_get_rev_vt,0x000a8650
get_magic_header,0x000aa518
get_header_info,0x000aa5d0
lfu_find_fw_images,0x000abd70
lfu_find_all_dev,0x000ac040
lfu_system_reset,0x000ac2a0
lfu_display_config,0x000ac358
lfu_system_init,0x000abf60
compute_checksum,0x000ac5d8
header_valid,0x000abc28
nl_read,0x000ac640
nl_write,0x000ac648
nl_init,0x000ac660
rd_read,0x000ac6f0
rd_write,0x000ac7f8
rd_open,0x000ac958
rd_close,0x000acaf0
rd_delete,0x000acd50
rd_create,0x000acbe0
rd_validate,0x000acdf0
rd_create_helper,0x000acb78
rd_init,0x000acdf8
toy_read,0x000ad2f0
toy_write,0x000ad3e0
toy_open,0x000ad1a8
toy_close,0x000ad278
rtc_read_pb,0x000acf10
rtc_read,0x000acfd0
rtc_write_pb,0x000ad008
rtc_write,0x000ad0d0
toy_init,0x000ad108
pci_init,0x000ad4c0
pci_open,0x000ad5d0
pci_close,0x000ad698
pciio_read,0x000ad708
pciio_write,0x000ad868
pcimem_read,0x000ad9c8
pcimem_write,0x000adb58
pcicfg_read,0x000adce8
pcicfg_write,0x000ade98
from_init,0x000ae360
from_read,0x000ae150
from_write,0x000ae208
from_open,0x000ae050
from_close,0x000ae110
nvram_read,0x000ae598
nvram_write,0x000ae660
nvram_open,0x000ae738
nvram_close,0x000ae810
nvram_init,0x000ae490
nvram_get,0x000aecb8
nvram_read_sev,0x000ae8b8
nvram_write_sev,0x000ae998
nvram_checksum,0x000ae888
nvram_put,0x000aedd8
nvram_delete_sev,0x000aebb8
iic_close,0x000af5b8
iic_delete,0x000af600
iic_init,0x000af690
iic_open,0x000af4c8
iic_read,0x000af088
iic_setmode,0x000af640
iic_write,0x000aeeb0
iic_poll_rt,0x000afcd8
iic_service,0x000afd80
iic_reset,0x000afb80
iic_busb,0x000b0290
iic_rw_common,0x000af1d0
iic_validate,0x000af688
iic_reinit,0x000afb30
tt_read,0x000b11e8
tt_write,0x000b0f08
tt_open,0x000b1490
tt_setmode,0x000b1940
tt_tx_interrupt,0x000b0360
tt_rx_interrupt,0x000b0490
tt_control,0x000b0850
control_o_action,0x000b09b8
control_c_action,0x000b0a50
control_x_action,0x000b0af8
control_t_action,0x000b0d80
tt_qinit,0x000b0e58
tt_flush,0x000b1400
tt_init,0x000b1560
tt_init_port,0x000b1630
tt_poll,0x000b17e0
tt_setmode_pb,0x000b1a20
tt_out_polled,0x000b1b18
tt_in_polled,0x000b1dd0
tt_in_check,0x000b1e80
switch_to_tty,0x000b1f40
tt_check_controlp,0x000b2060
ide_write_csr,0x000b41b0
ide_read_csr,0x000b4200
ide_open,0x000b2470
ide_close,0x000b2748
ide_read,0x000b27d8
ide_write,0x000b2810
ide_setmode,0x000b3bd8
ide_poll,0x000b3b40
ide_interrupt,0x000b3d18
ide_read_result,0x000b3930
ide_send_command,0x000b3808
ide_recalibrate_cmd,0x000b2e98
ide_specify_cmd,0x000b3050
ide_perp_mode_cmd,0x000b3128
ide_configure_cmd,0x000b30d8
ide_sense_int_status_cmd,0x000b3180
ide_seek_cmd,0x000b3230
ide_rw_data_cmd,0x000b3378
ide_new_unit,0x000b3a98
ide_check_sr0,0x000b3530
ide_check_status,0x000b3660
floppy_spinup,0x000b3e70
floppy_spindown,0x000b3ed0
enable_controller,0x000b3d90
jensen_dma_control,0x000b3f10
ide_do_io,0x000b2ce0
ide_common_io,0x000b2848
dv_init,0x000b2100
dv_init_units,0x000b21b0
ide_common_io_sub,0x000b2998
vga_close,0x000b4cc0
vga_erase,0x000b4ce0
vga_bios_init,0x000b4288
vgatt_init,0x000b4440
vga_ioctl,0x000b4fe0
vga_load_fonts,0x000b4cd8
vga_open,0x000b4cb8
vga_paputchar,0x000b4e68
vga_pagetchar,0x000b4f80
vga_read,0x000b4cc8
vga_write,0x000b4cd0
vga_setloc,0x000b4d88
vga_software_init,0x000b4640
vga_txoff,0x000b4bd0
vga_txon,0x000b4bd8
vga_txready,0x000b4c18
vga_txsend,0x000b4c78
bios_mchk_handler,0x000b5098
vga_init,0x000b4258
configure_vgas,0x000b5550
vga_hardware_init,0x000b4740
vga_reinit,0x000b47e0
config_vga_init_pb,0x000b5118
config_vga_disable,0x000b51d8
config_vga_enable,0x000b5428
init_raw_kbd,0x000b5f40
kbd_attatched,0x000b6298
init_raw_mouse,0x000b6450
kbdtt_init,0x000b5d10
kbd_get,0x000b5620
mouse_get,0x000b56a8
kbd_put,0x000b5730
mouse_put,0x000b5800
kbd_init,0x000b5830
kbd_rxoff,0x000b58a0
kbd_rxon,0x000b58e8
kbd_rxready,0x000b59e0
kbd_rxread,0x000b5a88
kbd_leds,0x000b5b58
kbd_output,0x000b5be0
kbd_output_noretry,0x000b5c50
kbd_input,0x000b5c98
kbd_reinit,0x000b6520
kbd_process,0x000b65f0
get_alt_code,0x000b6ff0
translate_multi_byte_code,0x000b6ee8
translate_single_byte_code,0x000b6928
translate_mixed_byte_code,0x000b69c8
find_multi_byte,0x000b6f60
find_multi_byte_keypad_code,0x000b6cc0
find_single_byte_code,0x000b6c38
translate_control_codes,0x000b6d90
search_main_table,0x000b6a00
search_number_pad_table,0x000b6b00
keyboard_interrupt,0x000b5aa8
mouse_interrupt,0x000b5b00
fill_in_ctb_ws_slotinfo,0x000b6578
combott_rxoff,0x000b7328
combott_rxon,0x000b73c8
combott_rxready,0x000b7488
combott_rxread,0x000b7580
combott_txoff,0x000b7070
combott_txon,0x000b70e0
combott_txready,0x000b71a0
combott_txsend,0x000b72c8
combott_lineset,0x000b7b88
comx_int,0x000b7860
init_serial_ports,0x000b7950
init_one_serial_port,0x000b79e8
combott_init,0x000b75d8
combo_init,0x000b7828
set_serial_params,0x000b7db8
serial_reinit,0x000b7e00
ev_init,0x000b7e40
ev_write,0x000b84a8
ev_install_table,0x000b8b48
ev_install_action,0x000b8bf0
ev_read,0x000b8380
ev_init_ev,0x000b8198
ev_locate,0x000b8a58
ev_validate_table,0x000b8cd0
ev_delete,0x000b8940
el_read,0x000b9298
el_write,0x000b9068
el_open,0x000b8e40
el_close,0x000b8f70
el_delete,0x000b93f8
el_setup,0x000b8e10
el_writeline,0x000b9138
el_init,0x000b9328
pmem_close,0x000b94a0
pmem_init,0x000b9510
pmem_open,0x000b95a8
pmem_read,0x000b96e8
pmem_write,0x000b98d0
pmem_handle_nxm,0x000b9690
vmem_read,0x000b9c38
vmem_write,0x000b9c70
vmem_open,0x000b9b10
vmem_close,0x000b9bb8
vmem_readwrite,0x000b9ca8
vmem_init,0x000b9ec8
examine_init,0x000b9f50
examine_open,0x000ba078
examine_read,0x000ba1f8
examine_close,0x000ba480
ipr_read,0x000ba578
ipr_write,0x000ba7c0
ipr_open,0x000ba4f0
ev6_ipr_init,0x000babc8
set_spe,0x000bac68
set_va_48,0x000bace0
gpr_read,0x000bae10
gpr_write,0x000baf50
gpr_open,0x000bad60
gpr_init,0x000bb088
ps_init,0x000bb130
ps_read,0x000bb1d0
ps_write,0x000bb278
ndbr_read,0x000bb3a8
ndbr_write,0x000bb470
ndbr_open,0x000bb598
ndbr_close,0x000bb680
ndbr_init,0x000bb320
mop_build_info,0x000bbd48
mop_console,0x000bcbf0
mop_control_t,0x000bc558
mop_handle_console,0x000bc9f8
mop_handle_req_counters,0x000bce58
mop_handle_req_id,0x000bce10
mop_init1,0x000bb6f0
mop_read_env,0x000bc098
mop_send_sys_id,0x000bc8a0
mop_shutdown,0x000bbd40
mop_set_env,0x000bc2d0
mop_set_timer,0x000bc090
mop_unsolicited_id,0x000bc5e8
mop_unsolicited_id_sub,0x000bc6b8
mop_wait_msg,0x000bc458
mop_init,0x000bbcb8
mop_clear_env,0x000bc450
fpr_read,0x000bd520
fpr_write,0x000bd660
fpr_open,0x000bd460
fpr_init,0x000bd798
pi_read,0x000bd840
pi_write,0x000bd9f8
pi_open,0x000bdb90
pi_close,0x000bdc78
pi_create,0x000bde10
pi_validate,0x000bdfe8
pi_delete,0x000bdf08
pi_create_helper,0x000bdd30
pi_init,0x000bdff0
decode_read,0x000be090
decode_write,0x000be248
decode_open,0x000be250
decode_close,0x000be3a0
decode_init,0x000be010
tee_write,0x000be498
tee_open,0x000be540
tee_close,0x000be668
tee_init,0x000be410
dup_setmode,0x000be7a8
dup_startup,0x000be700
dup_init,0x000be708
dup_poll,0x000be7c0
dup_keepalive,0x000bf1e8
dup_begin,0x000be9b8
dup_appl_msg_input,0x000bef20
dup_connection_error,0x000bf0e0
dup_get_cont_cmd,0x000bf268
dup_exe_local_cmd,0x000bf410
dup_dialog_imm,0x000bfc28
dup_dialog,0x000c0240
dup_send_cmd,0x000bf5d8
dup_receive_cmd,0x000bf7a8
dup_send_imm_cmd,0x000bf978
dup_send_imm_rsp,0x000bfb90
para_init,0x000c06d0
para_open,0x000c0a80
para_close,0x000c0af0
para_write,0x000c0b00
para_read,0x000c0dc0
chk_para_lpbk,0x000c0778
para_raw_init,0x000c09c0
para_status,0x000c0f88
para_send,0x000c0be0
para_rcvd,0x000c0e70
inet_init,0x000c1080
arp_init,0x000c1260
bootp_init,0x000c1130
tftp_init,0x000c11c8
bootp_open,0x000c1308
bootp_close,0x000c18f8
bootp_read,0x000c19e8
bootp_write,0x000c1a70
tftp_open,0x000c1af8
tftp_close,0x000c2b18
tftp_read,0x000c2c40
tftp_ack,0x000c2f10
tftp_write,0x000c2ec8
udp_send,0x000c2fa8
udp_sendv,0x000c3070
ip_sendv,0x000c3220
ip_route,0x000c3390
net_send,0x000c34e0
add_iovec,0x000c3640
del_iovec,0x000c36b8
size_iovec,0x000c3718
ip_receive,0x000c3748
udp_receive,0x000c3958
bootp_receive,0x000c3aa8
tftp_receive,0x000c3ca8
arp_resolve,0x000c40b8
arp_receive,0x000c4450
open_net,0x000c46f8
make_pidb,0x000c4778
init_pidb,0x000c48b0
lookup_pidb,0x000c4c98
hostid,0x000c4d78
gateid,0x000c4e18
inet_sleep,0x000c4eb8
inet_time,0x000c4f90
inet_backoff,0x000c5008
inet_init_backoff,0x000c5068
inet_set_env,0x000c5078
inetaddr_validate,0x000c5130
inetaddr_init,0x000c5350
inetaddr_rd,0x000c5358
inetaddr_wr,0x000c5618
string2inetaddr,0x000c58e8
inetaddr2string,0x000c59b0
inet_protocols_validate,0x000c5158
inet_random,0x000c5a08
inet_cksum,0x000c5a68
hexdump,0x000c5ae8
parse_inet_filename,0x000c29c0
inet_shutdown,0x000c5c00
fat_init,0x000c5c80
fat_open,0x000c5d08
fat_close,0x000c5f50
fat_read,0x000c5fb0
fat_write,0x000c6038
fat_expand,0x000c60c0
fat_validate,0x000c6290
read_bootblock,0x000c6310
fat_mount,0x000c6478
regexp_fat,0x000c82f8
fat_parsefname,0x000c8558
getfat,0x000c78a0
fat_dismount,0x000c6840
bytesfromnum,0x000c8a38
set_dir_ent,0x000c7ec0
setfat,0x000c7a88
fat_stream_close,0x000c7320
sprint_de,0x000c87a0
fat_stream_open,0x000c6cd8
fat_scan_open,0x000c68c0
fat_scan_next,0x000c69a8
fat_scan_close,0x000c6c30
create_dir_ent,0x000c7fc0
dealloc_clusters,0x000c7e10
fat_disk_write,0x000c7360
fat_stream_read,0x000c6ef0
fat_stream_write,0x000c71c8
fat_validate_bootblock,0x000c81a0
get_fatbits,0x000c7928
isadir,0x000c8298
vbo_to_lbo,0x000c7748
isvalid_de,0x000c82d8
fat_unparsefname,0x000c8728
load_mcb,0x000c7560
min3,0x000c8a60
allocate_clusters,0x000c7bf0
fatindex_to_lbo,0x000c7830
flush_fats,0x000c7b18
dq_open,0x000c96c8
dq_send_inquiry,0x000caec8
dq_identify,0x000cab80
dq_wait_on_busy,0x000c9e20
dq_long_wait_on_busy,0x000c9f80
dq_wait_for_drq,0x000c9ec8
dq_command,0x000ca4a8
dq_init,0x000c8a80
dq_init_pb,0x000c8af0
dq_init_port,0x000c8bf8
dq_interrupt,0x000c8bb0
dq_setmode,0x000c9cd0
dq_poll,0x000c9a98
dq_reset,0x000c8dd0
dq_init_ide,0x000c8f68
dq_new_unit,0x000c9170
dq_send_read_write,0x000c9718
dq_send_read_write_sub,0x000c97c0
dq_unix_reset,0x000c9bb0
map_error,0x000ca028
atapi_do_send,0x000ca078
n810_read_byte_csr,0x000cb400
n810_write_byte_csr,0x000cb448
n810_read_long_csr,0x000cb490
n810_write_long_csr,0x000cb4d0
n810_ev_sev,0x000cafc0
n810_init,0x000cb068
n810_init_pb,0x000cb0b0
n810_init_n810,0x000cb1b8
pke_init_port,0x000cb510
pke_setmode,0x000ccc58
pke_poll_for_interrupt,0x000cce58
pke_interrupt,0x000cced0
pke_poll,0x000ccb20
pke_reset,0x000cb9f0
pke_command,0x000cbce0
pke_init_n810,0x000cbb10
pke_bus_reset,0x000cbb90
pke_do_send,0x000cbee0
pci_nvram_config,0x000cd098
pci_nvram_init,0x000cd050
pci_nvram_check_cookie,0x000cd2c8
pci_nvram_diag_tests,0x000cd3b8
pci_nvram_zero_sram,0x000cd318
pci_nvram_battery_diag,0x000cd458
pci_nvram_sram_diag,0x000cd6b0
pci_nvram_dma_diag,0x000cd8c8
pdq_write_csr,0x000d1118
pdq_read_csr,0x000d1190
pdq_write_csr_byte,0x000d1208
pdq_read_csr_byte,0x000d1248
pdq_write_mem,0x000cdf50
pdq_read_mem,0x000cdfe0
pdq_close,0x000cdd70
pdq_open,0x000cdd78
pdq_read,0x000cdd80
pdq_getadapterstate,0x000ce168
pdq_checkxmtdataqueue,0x000ce1b0
pdq_flushunsolicited,0x000ce220
pdq_postxmtdatadescriptor,0x000ce320
pdq_out,0x000ce3a0
pdq_write,0x000ce9e8
pdq_servicercvdataqueue,0x000cec90
pdq_checkrcvdataqueue,0x000ced58
pdq_rx,0x000cf058
pdq_servicecmdrspqueue,0x000cf5f0
pdq_servicecmdreqqueue,0x000cf6a0
pdq_postcmdreqdescriptor,0x000cf758
pdq_checkcmdrspqueue,0x000cf7b8
pdq_pollcmdrspqueue,0x000cf828
pdq_portcontrolcommand,0x000ce070
pdq_statuscharsget,0x000cf8f8
pdq_charsset,0x000cf9f8
pdq_start,0x000cfb20
pdq_dma_init,0x000cfc98
pdq_softreset,0x000cfd68
pdq_init_dblock,0x000cfe88
pdq_init_xmtqueues,0x000d0118
pdq_init_rcvqueues,0x000d01a8
pdq_setmode,0x000d0280
pdq_init_dl,0x000d02f8
pdq_start_pdq,0x000d0480
pdq_malloc_descr,0x000d08e8
pdq_stop_driver,0x000d09e0
pdq_restart_driver,0x000d0a98
pdq_dump_csrs,0x000d0b30
pdq_init_pb,0x000d0b38
pdq_init,0x000d0f48
pdq_init1_pb,0x000d0fb8
pdq_callback_write,0x000ce860
pdq_free_rcv_pkts,0x000cedc8
pdq_msg_rcvd,0x000ceef8
pdq_interrupt,0x000cf5b0
pdq_getsid,0x000d0408
pdq_bus_init_eisa,0x000d0e50
dac960_read,0x000d2ad8
dac960_write,0x000d2b18
dac960_init,0x000d1290
dac960_init_pb,0x000d12d8
dac960_init_port,0x000d1638
dac960_interrupt,0x000d1388
dac960_issue_mbx,0x000d13c8
dac960_setmode,0x000d2fb0
dac960_clear_controller,0x000d2280
dac960_new_unit,0x000d2770
dac960_transfer,0x000d2b58
dac960_send_read_write,0x000d2c60
pks_read_long_csr,0x000d4f18
pks_write_long_csr,0x000d4ee0
pks_reset,0x000d38d0
pks_init_kzpsa,0x000d3798
pks_interrupt,0x000d42a8
calculatechecksum,0x000d4e60
pks_flash_param_read,0x000d4d88
pks_flash_param_write,0x000d4b88
pks_ev_read_rom,0x000d4620
pks_ev_init,0x000d4418
pks_ev_write,0x000d4468
pks_init,0x000d3150
pks_init_pb,0x000d3198
pks_int_poll,0x000d3fa8
pks_poll,0x000d3fe0
pks_init_port,0x000d35d0
pks_bus_reset,0x000d4f58
pks_setmode,0x000d40f8
pks_command,0x000d39d0
pks_do_send,0x000d3c30
pks_flash_write,0x000d47b8
pks_flash_erase,0x000d4998
isp1020_read_word_csr,0x000d6d48
isp1020_write_word_csr,0x000d6d90
isp1020_ev_sev,0x000d4ff0
isp1020_ev_sev_init,0x000d5168
isp1020_get_nvram,0x000d7378
isp1020_put_nvram,0x000d7490
isp1020_init,0x000d51d8
isp1020_init_pb,0x000d5220
isp1020_init_port,0x000d5330
isp1020_setmode,0x000d6b88
isp1020_poll,0x000d6a70
isp1020_interrupt,0x000d6cc8
isp1020_reset,0x000d5598
isp1020_command,0x000d63c8
isp1020_init_isp1020,0x000d5728
isp1020_bus_reset,0x000d6160
isp1020_init_isp1020_sub,0x000d57e8
isp1020_issue_cmd,0x000d61f0
isp1020_load_start_fw,0x000d5eb8
isp1020_nvram_on,0x000d6dd8
isp1020_nvram_off,0x000d6e80
isp1020_nvram_toggle,0x000d6ee8
isp1020_nvram_command,0x000d6fc8
isp1020_read_nvram,0x000d70e0
isp1020_write_nvram,0x000d71e0
isp1020_get_clock,0x000d75b0
ew_init,0x000d7668
tu_open,0x000d9ef0
tu_read,0x000d9fe8
tu_free_rcv_pkts,0x000da5d0
tu_build_perfect,0x000d9620
tu_change_mode,0x000daab8
tu_platform_init,0x000d8618
tu_check_nirom,0x000d8d58
tu_driver_init,0x000d7818
tu_dump_csrs,0x000d82b0
tu_ev_write,0x000db440
tu_get_nirom,0x000d8620
tu_get_tulip_nirom,0x000d8650
tu_hardware_init,0x000d8028
tu_init_device,0x000d8fc8
tu_init_rx,0x000d9300
tu_init_st,0x000d94e8
tu_init_tx,0x000d9218
tu_interrupt,0x000d97d0
tu_nirom_checksum,0x000d8f00
tu_out,0x000d9c48
tu_poll,0x000d9748
tu_process_rx,0x000da2b8
tu_process_tx,0x000da700
tu_read_mode,0x000db2b8
tu_restart_driver,0x000daec0
tu_rx,0x000da1b8
tu_send,0x000d9b98
tu_setmode,0x000da9b8
tu_switch_con,0x000db958
tu_init_media,0x000dc110
tu_show,0x000d9a88
tu_software_init,0x000d7a30
tu_stop_driver,0x000daa18
tu_tx_count,0x000db0b0
tu_rx_count,0x000dc800
tu_write,0x000da8e8
microwire_nirom,0x000d8770
tu_check_micro,0x000d8ec0
tu_auto_negotiate,0x000dcf78
tu_getfrom_mii,0x000dc990
tu_sendto_mii,0x000dca68
tu_mii_rdata,0x000dcb28
tu_mii_wdata,0x000dcbb8
tu_mii_swap,0x000dcc50
tu_mii_turnaround,0x000dcc88
tu_mii_rd,0x000dcd10
tu_mii_wr,0x000dcdf8
tu_flags_to_ability,0x000dcef8
tu_ability_to_flags,0x000dcf30
ew_init_pb,0x000d76b0
ei_init,0x000dd5e8
ei_init_pb,0x000dd630
ei_driver_init,0x000dd788
ei_software_init,0x000dd9d0
ei_hardware_init,0x000ddec8
ei_init_device,0x000de178
ei_get_nirom,0x000de3e0
ei_ev_write,0x000deb70
ei_read_mode,0x000ded90
ei_init_media,0x000def20
ei_mdi_read,0x000df118
ei_mdi_write,0x000df208
ei_setup_phy,0x000df2f8
ei_interrupt,0x000e03e0
ei_read,0x000dfa50
ei_setmode,0x000e1770
ei_write,0x000e07b8
ei_open,0x000e04e8
ei_poll,0x000e0360
ei_rx,0x000dfc20
ei_show,0x000e1388
ei_change_mode,0x000e1870
ei_dump_csrs,0x000e15d8
ei_init_tx,0x000df740
ei_init_rx,0x000df7f0
ei_configure_cmd,0x000dfcf0
ei_exec_cmd,0x000e0188
ei_get_eeprom_size,0x000de7d8
ei_read_eeprom,0x000de4e8
ei_process_rx,0x000e0e28
ei_send_polled,0x000dfeb0
ei_wait_scb,0x000e00c8
ei_display_state,0x000e0250
ei_process_tx,0x000e0c98
ei_send,0x000e08b0
ei_restart_cu,0x000e1ca0
ei_rx_count,0x000e1190
ei_free_rcv_pkts,0x000e1258
ei_restart_ru,0x000e1bf0
ei_stop_driver,0x000e17d0
ei_restart_driver,0x000e1ae0
eg_ev_write,0x000e29d8
eg_ev_read,0x000e2bd0
eg_open,0x000e2710
eg_close,0x000e28d0
eg_setmode,0x000e2950
eg_init_pb,0x000e1e30
eg_process_rx,0x000e46d0
eg_show,0x000e3658
eg_rx,0x000e2e60
eg_poll,0x000e3150
eg_poll_process,0x000e31b0
eg_read,0x000e2f80
eg_write,0x000e32a0
eg_change_mode,0x000e37c0
eg_mchk_handler,0x000e1da0
eg_interrupt,0x000e4208
eg_clear_error_bits,0x000e6568
eg_auto_negotiate,0x000e86f8
eg_null_procedure,0x000e1d60
eg_cbl_ev_sev_init,0x000e1d68
eg_init,0x000e1de0
eg_read_mode,0x000e2ca8
eg_unit_init,0x000e3c20
eg_restart_link,0x000e3a60
eg_stop_driver,0x000e3720
eg_restart_driver,0x000e3998
eg_setup_mode,0x000e2db0
eg_message_link,0x000e6da0
eg_check_link,0x000e7bd0
eg_state_transition,0x000e8980
eg_read_csr,0x000e8ba0
eg_write_csr,0x000e8b50
eg_send,0x000e3390
eg_transmit,0x000e4418
eg_free_rcv_pkts,0x000e3528
eg_status,0x000e3718
eg_shut,0x000e69c8
eg_reset,0x000e4a80
eg_init_device,0x000e4e50
eg_print_time,0x000e3af8
eg_read_phy,0x000e8f20
eg_mapmemory,0x000e9118
eg_complete_xmt,0x000e4988
qq_pushtail,0x000e9548
eg_receive,0x000e4590
eg_remlst,0x000e9198
eg_inslst,0x000e91c8
qq_pophead,0x000e9598
eg_shut_machine,0x000e6438
eg_write_mem,0x000e8bf0
eg_read_mem,0x000e8c88
eg_message,0x000e6cb8
eg_init_rings,0x000e6698
eg_write_io,0x000e8da8
eg_read_hwa,0x000e68f8
eg_set_mac_address,0x000e8fe0
eg_check_machine,0x000e60f0
eg_setup_link,0x000e7410
eg_update_multicast,0x000e6ae8
qq_getentrycnt,0x000e9540
eg_check_machines,0x000e6190
eg_read_io,0x000e8df0
qq_initqueue,0x000e9528
eg_fillrcvlist,0x000e91f8
eg_fillxmtlist,0x000e93b8
eg_calculate_crc,0x000e6a90
eg_enable_loopback,0x000e7820
eg_init_fiber_phy,0x000e7788
eg_init_copper_phy,0x000e7650
eg_write_phy,0x000e8e30
eg_force_link,0x000e7920
eg_auto_negotiation,0x000e8038
eg_noauto_negotiation,0x000e8778
eg_apply_link,0x000e7f28
eg_apply_flow,0x000e8890
eg_start_timer,0x000e8848
eg_write_cfg,0x000e8d10
eg_read_cfg,0x000e8d48
eg_linkfail,0x000e94d8
n_insert_entry,0x000e95e0
n_driver_insert,0x000e9700
n_driver_remove_entry,0x000e9808
n_driver_remove_entry1,0x000e98f8
n_adapter_remove_entry,0x000e99e8
n_driver_entry_present,0x000e9ae8
n_adapter_entry_present,0x000e9b00
n_init_queue,0x000e9b50
cixcd_get_nbuf,0x000e9c80
cixcd_replenish_ddfq,0x000e9d90
ci_remove_queue,0x000e9f08
ci_insert_queue,0x000ea0d8
ci_remove_queue_,0x000e9fb8
ci_insert_queue_,0x000ea180
ci_check_maint_id,0x000ea3c8
ci_scs_map,0x000ea3f8
ci_scs_unmap,0x000ea8e8
ci_alloc_bdlt,0x000eab78
ci_alloc_nport,0x000eaca0
ci_dealloc_nport,0x000eb090
ci_mscp_response,0x000eb0d0
ci_sa_scs_receive,0x000eb440
ci_sa_scs_alloc,0x000eb810
ci_sa_ppd_alloc,0x000ec748
ci_sa_scs_alloc_appl_msg,0x000eb890
ci_sa_scs_connect,0x000eb968
ci_sa_scs_send_appl_msg,0x000ec650
ci_sa_scs_send_data,0x000ec6d8
ci_sa_scs_request_data,0x000ec710
ci_sa_scs_disconnect,0x000ebdb8
ci_sa_scs_break_vc,0x000ebf60
ci_sa_scs_discard_cb,0x000ebe78
ci_sa_scs_send_con_req,0x000ebf98
ci_sa_scs_accept,0x000ebbb8
ci_sa_scs_send_acc_req,0x000ec188
ci_sa_scs_send_disc_req,0x000ec428
ci_sa_ppd_break_vc,0x000ed2d0
ci_sa_queue_to_send,0x000ed558
ci_sa_scs_send_con_rsp,0x000ec0d0
ci_sa_scs_send_acc_rsp,0x000ec2c8
ci_sa_scs_send_rej_rsp,0x000ec378
ci_sa_scs_send_disc_rsp,0x000ec4d8
ci_sa_scs_send_cred_rsp,0x000ec580
ci_sa_ppd_send_scs_msg,0x000ed080
ci_sa_ppd_send_snddat,0x000ed140
ci_sa_ppd_send_reqdat,0x000ed208
ci_sa_ppd_new_node,0x000ec848
ci_sa_ppd_send_dqi,0x000eca40
ci_sa_ppd_open_vc,0x000ecad8
ci_sa_ppd_close_vc,0x000ecbe0
ci_sa_ppd_send_idreq,0x000ecc78
ci_sa_ppd_send_idreq_fp,0x000eccf8
ci_sa_ppd_send_dg_start,0x000ecdb8
ci_sa_ppd_send_dg_start_stack,0x000ece28
ci_sa_ppd_send_dg_stack,0x000ecdf0
ci_sa_ppd_send_dg_ack,0x000ed008
ci_sa_ppd_shutdown_vc,0x000ed3e8
ci_sa_ppd_rundown,0x000ed450
ci_sa_examine_n_status,0x000ed5a0
ci_sa_response,0x000ed720
lookup_csr,0x000ed980
dump_csrtbl,0x000ed9d0
cipca_write_csr,0x000ed9d8
cipca_read_csr,0x000edb90
mscp_delete,0x000eed48
mscp_setmode,0x000ef038
du_read,0x000edd40
du_write,0x000edff0
du_open,0x000ee2a0
du_close,0x000ee500
mu_read,0x000ee670
mu_write,0x000ee7a0
mu_open,0x000ee8c8
mu_close,0x000eeb28
du_read_sub,0x000ede60
mscp_unit_okay,0x000eee90
mscp_read_cmd,0x000f00a0
du_write_sub,0x000ee110
mscp_write_cmd,0x000f03d0
mscp_online_cmd,0x000efe40
mscp_available_cmd,0x000efc50
mscp_init,0x000eec98
mscp_poll,0x000ef050
mscp_keepalive,0x000ef9e8
mscp_get_command_cmd,0x000efa78
mscp_new_node,0x000ef2c0
mscp_unit,0x000ef410
mscp_appl_msg_input,0x000ef690
mscp_connection_error,0x000ef870
mscp_set_cont_cmd,0x000efb28
mscp_poll_units,0x000f0700
mscp_new_unit,0x000f08a8
ctl_id,0x000f3378
cixcd_misc_rcv,0x000f1938
cixcd_write_pcq0cr,0x000f2e80
cipca_prefix,0x000f0c70
cixcd_setmode,0x000f0cd0
cipca_poll,0x000f1728
cixcd_init_adapter,0x000f1c38
cixcd_shutdown_port,0x000f2b00
cixcd_stop_port,0x000f2af8
cipca_mscp_destroy,0x000f3390
wl_intena,0x000f32e8
cipca_reset,0x000f3170
cixcd_setmode_pb,0x000f1238
cixcd_poll_port,0x000f1278
force_path_idreqs,0x000f1400
cixcd_wait,0x000f1518
cixcd_wait_port,0x000f1590
cixcd_completion_rcv,0x000f17e8
cixcd_receive,0x000f1b88
cixcd_interrupt,0x000f2d08
cipca_poll_ints,0x000f2c50
cixcd_init_port,0x000f1f78
cixcd_disable_port,0x000f2340
cixcd_enable_port,0x000f2858
cipca_init,0x000f2ec0
cipca_init_pb,0x000f2fb8
cipca_alloc,0x000f30a8
kgpsa_read_csr,0x000f9d50
kgpsa_write_csr,0x000f9e00
kgpsa_read_slim,0x000f9ea0
kgpsa_dump_state,0x000f3500
kgpsa_pollx,0x000f3508
kgpsa_poll,0x000f60b0
kgpsa_dump_slim,0x000f3570
kgpsa_dump_kgpsa_sb,0x000f36f8
alpaidx,0x000f39c8
kgpsa_dump_nodes,0x000f37f0
dn,0x000f3908
wwn_sprintf,0x000f3940
subtract,0x000f39f8
kgpsa_mbx,0x000f3ad8
kgpsa_issue_mbx,0x000f48d8
kgpsa_reg_login,0x000f40d0
kgpsa_unreg_login,0x000f41c8
kgpsa_read_rev,0x000f4268
kgpsa_read_rpi,0x000f4348
kgpsa_dump_cfg,0x000f44d8
kgpsa_update_cfg,0x000f45a8
kgpsa_read_compaq_nvdata,0x000f4690
kgpsa_write_compaq_nvdata,0x000f4780
kgpsa_init_compaq_nvdata,0x000f4838
kgpsa_write_slim,0x000f9f50
kgpsa_set_devstate,0x000f7c98
kgpsa_init,0x000f4bc8
kgpsa_init_pb,0x000f4c28
kgpsa_ev_init,0x000fafb0
kgpsa_make_ff_ready,0x000f7a50
kgpsa_init_port,0x000f4e18
kgpsa_setmode,0x000f5dd8
kgpsa_poll_process,0x000f5fe0
kgpsa_interrupt,0x000f6388
kgpsa_fc_process,0x000f65e0
kgpsa_init_kgpsa,0x000f5280
kgpsa_read_alpa_map,0x000f78a0
kgpsa_new_node,0x000f5ad0
kgpsa_alloc_rcv_bufs,0x000f56b8
kgpsa_que_ring_buf,0x000f7ca8
kgpsa_dealloc_rcv_bufs,0x000f5780
kgpsa_find_did_rpi,0x000f57e0
kgpsa_find_by_portname,0x000f5858
kgpsa_cmp_name,0x000f5d98
kgpsa_find_sb,0x000f5918
kgpsa_logout_all,0x000f59f8
kgpsa_alloc_sb,0x000f5ca8
kgpsa_command,0x000f7e18
kgpsa_rundown_send_inquiry,0x000f80c8
kgpsa_dealloc_sb,0x000f5d48
kgpsa_connection_helper,0x000f61b0
kgpsa_xmit_seq,0x000f9240
probe_next,0x000fa978
kgpsa_set_discstate,0x000f7ca0
probe_state,0x000fa8a0
kgpsa_els_cmd,0x000f83a0
kgpsa_fabric_login,0x000faa88
kgpsa_receive,0x000fa700
kgpsa_els_response,0x000f6c50
kgpsa_fcp_response,0x000f7118
els_cmd,0x000f6bb0
kgpsa_find_iocbhdr,0x000f77e8
kgpsa_els_rcv,0x000f6ec8
kgpsa_els_rsp_done,0x000f9068
kgpsa_els_cmd_done,0x000f8738
kgpsa_els_abort_done,0x000f9570
kgpsa_els_rsp,0x000f8e00
kgpsa_abort_xri_cx,0x000f95a8
kgpsa_void_did,0x000f8270
kgpsa_xmit_seq_done,0x000f94e0
kgpsa_get_tag,0x000f7740
kgpsa_alloc_iocbhdr,0x000f8100
kgpsa_send_iocb,0x000fa518
kgpsa_que_ring_buf_done,0x000f7db8
kgpsa_dealloc_iocbhdr,0x000f8200
kgpsa_fcp_cmd,0x000f96a8
dump_els,0x000f8330
dump_fcp,0x000f8368
kgpsa_read_ring,0x000f9ff0
kgpsa_write_ring,0x000fa210
kgpsa_ok_to_send,0x000fa4a8
kgpsa_terminate_outstanding_els,0x000fa9e8
kg_scsi_send,0x000fa9f0
kg_get_udid,0x000faa48
ev_wr_fc,0x000fab30
ev_rd_fc,0x000fad40
ev_fc_init,0x000fad48
ev_fc_init_sub,0x000fadc8
dump_wwids,0x000fb0e0
insert_fcsb,0x000fb510
wwidmgr,0x000fb660
wwidmgr_init,0x000fd198
fcscan,0x000fc630
wwidmgr_reachability,0x000fce58
wwidmgr_set_item,0x000fccc0
wwidmgr_autoport,0x000fcaf0
fc_swap_data,0x000fcac0
wwidmgr_delete_wwev,0x000fd1e0
wwidmgr_scan,0x000fc3e0
make_pb_list,0x000fc578
wwidmgr_display_nv,0x000fd300
pue_init,0x000fd3e0
pue_init_port,0x000fd428
pue_setmode,0x000ff970
pue_poll_for_interrupt,0x000ffbf8
pue_interrupt,0x000ffc70
pue_send,0x000fe7c0
pue_receive,0x000fea90
pue_poll,0x000ff138
pue_reset,0x000fd950
pue_scs_alloc,0x000fdc90
pue_scs_map,0x000fdcc8
pue_scs_unmap,0x000fdcf0
pue_ppd_break_vc,0x000fe578
pue_ppd_send_scs_msg,0x000fe518
pue_init_n810,0x000fdad0
pue_bus_reset,0x000fdbc0
pue_ppd_alloc,0x000fdcf8
pue_ppd_new_node,0x000fddc8
pue_ppd_open_vc,0x000fdf78
pue_ppd_close_vc,0x000fdf90
pue_ppd_send_idreq,0x000fdf98
pue_queue_to_send,0x000fe678
pue_ppd_send_id,0x000fe020
pue_ppd_send_cnf,0x000fe130
pue_queue_to_send_vc,0x000fe6f0
pue_ppd_send_dg_start,0x000fe1c0
pue_ppd_send_dg_start_stack,0x000fe230
pue_ppd_send_dg_stack,0x000fe1f8
pue_ppd_send_dg_ack,0x000fe498
pue_response,0x000febc0
pue_command,0x000fe910
pue_do_send,0x000ff298
pue_do_receive,0x000ff608
pue_ppd_check_vc,0x000ff090
pue_verify_header,0x000ff880
mc_diag,0x001005b8
pcimc_cable,0x00100898
mc_init,0x00100f68
mc_init1_pb,0x00101058
mc_reinit,0x00100fb8
bios_disk_read,0x00101c28
bios_disk_write,0x00101c68
bios_disk_setmode,0x00101e70
bios_disk_init,0x00101300
bios_disk_pb,0x001013b0
bios_disk_init_pb,0x00101768
bootbios_validate,0x00101530
bios_heap_check,0x00101668
bios_disk_new_unit,0x00101a00
bios_disk_info,0x00101900
bios_disk_transfer,0x00101ca8
i2o_setmode,0x00103020
i2o_adapter_poll,0x00102f68
i2o_start,0x00102e38
i2o_init,0x00102df0
i2o_osm,0x00102130
i2o_initialize_port,0x001022f8
i2o_poll_units,0x00102198
i2o_get_lct,0x001025b8
i2o_iop_event_handler,0x001026f0
i2o_rq_malloc,0x00102770
i2o_rq_free,0x001027e8
i2o_iopinit,0x00102880
i2o_iopshutdown,0x00102d40
i2o_restart,0x00102b98
i2o_malloc,0x001020b0
i2o_free,0x001020f0
i2o_flashregion,0x00103138
i2o_execiopreset,0x001039d8
i2o_execlctnotify,0x00103898
i2o_execsysenable,0x001037c0
i2o_execsystabset,0x00103620
i2o_prime_outbound,0x00103580
i2o_execoutboundinit,0x00103448
i2o_execstatusget,0x001032f0
i2o_write_mem,0x001041a8
i2o_read_mem,0x00104168
i2o_handle_reply,0x00103fe8
i2o_interrupt,0x00103f50
i2o_msgsend,0x00103cd8
i2o_replyfree,0x00103c68
i2o_message_frame,0x00103b20
i2o_msgcomplete,0x00103ba0
i2o_utilparamsget,0x001043e8
i2o_getparamgroup,0x001042e8
i2o_utileventregister,0x001041f0
i2o_bsa_read,0x001045d8
i2o_bsa_write,0x00104620
i2o_bsa_open,0x00104560
i2o_bsa_close,0x001045d0
i2o_bsa_init,0x00104668
i2o_bsa_new_unit,0x00104930
i2o_bsa_shutdown,0x00104c28
i2o_bsa_send_read_write,0x00104788
i2o_bsa_transfer,0x00104680
i2o_scsi_init,0x00105140
i2o_scsi_shutdown,0x00105148
i2o_scsi_command,0x00104e48
i2o_scsi_new_unit,0x00104cc0
iso9660_read,0x001052a8
iso9660_write,0x001053f8
iso9660_open,0x00105400
iso9660_close,0x001055a8
iso9660_expand,0x00105638
iso9660_validate,0x00107158
iso9660_init,0x001051e0
iso9660_find_byte,0x00105fa0
iso9660_read_file,0x00105de8
iso9660_mount,0x00105848
iso9660_open_file,0x001059c0
iso9660_dismount,0x00105958
iso9660_close_file,0x00105a88
iso9660_get_header,0x00106ef8
iso9660_scan_directory,0x001062a8
iso9660_get_lbn,0x001070b8
iso9660_lookup,0x00105ac8
iso9660_find_file,0x00105ca8
iso9660_find_directory_record,0x001061c8
match_filename,0x00107290
iso9660_read_file_raw,0x00105e48
iso9660_read_file_variable,0x00105eb8
iso9660_find_record,0x00106068
iso9660_compile,0x00106ad8
iso9660_show_file,0x00106c18
iso_getfile_info,0x00107288
osmmapiohandle,0x00109770
osmreleaseiohandle,0x00109838
osmevent,0x00109568
osmgetbusaddress,0x00109840
osmadjustbusaddress,0x00109878
osmgetnvsize,0x00109888
osmputnvdata,0x00109890
osmgetnvdata,0x00109898
osmreaduexact8,0x001098a0
osmreaduexact16,0x00109920
osmreaduexact32,0x001099a0
osmreadstringuexact8,0x00109a20
osmreadstringuexact16,0x00109a28
osmreadstringuexact32,0x00109a30
osmwriteuexact8,0x00109a38
osmwriteuexact16,0x00109ac0
osmwriteuexact32,0x00109b48
osmwritestringuexact8,0x00109bc8
osmwritestringuexact16,0x00109bd0
osmwritestringuexact32,0x00109bd8
osmsynchronizerange,0x00109be0
osmwatchdog,0x00109c18
osmsaveinterruptstate,0x00109c20
osmsetinterruptstate,0x00109c28
osmreadpciconfigurationdword,0x00109c30
osmreadpciconfigurationword,0x00109c70
osmreadpciconfigurationbyte,0x00109cb8
osmwritepciconfigurationdword,0x00109d00
osmwritepciconfigurationword,0x00109d40
osmwritepciconfigurationbyte,0x00109d88
osmdelay,0x00109dd0
enqueueosmiob,0x00108ca8
sendiobsmaybe,0x00108d08
allocosmiob,0x00108e08
freeosmiob,0x00108f00
osminthandler,0x00108f98
normalpostroutine,0x00109028
handlehimfrozen,0x00109228
postunfreezehimqueue,0x001092c0
postroutineeventpac,0x00109498
postroutineeventresethw,0x001093a0
aic78xx_init,0x00107330
aic78xx_init_pb,0x001073b0
aic78xx_reset,0x00107710
aic78xx_start_adapter,0x00107808
aic78xx_stop_adapter,0x00107978
aic78xx_init_adapter,0x00107ab0
aic78xx_sendpac,0x00107da8
aic78xx_scan_adapter,0x00107e48
aic78xx_command,0x00107f80
aic78xx_poll,0x00108490
aic78xx_setmode,0x001085b0
aic78xx_poll_for_interrupt,0x00108770
aic78xx_interrupt,0x001087f0
gethimfunctions,0x00108868
allocateadaptermemory,0x001088a8
allocatetargets,0x00108a10
allocmemory,0x00109e10
freememory,0x00109e90
freeallmemory,0x00109f00
virtualtophysical,0x00109fa0
scsihaic78xxloadscsirate,0x00112a88
scsihaic78xxresetdfifo,0x00112db0
scsihaic78xxenableioerr,0x00112e60
scsihaic78xxgetxferperiod,0x001176a8
scsihaic78xxgetwidescsioffset,0x001185e8
scsihaic78xxgetnarrowscsioffset,0x001185f0
scsihaic78xxcalcscsirate,0x00117378
scsihaic78xxclearscsioffset,0x00118608
scsihaic78xxwassyncxfer,0x00118668
scsihaic78xxprocessautoterm,0x0010ba70
scsihaic78xxupdateextterm,0x0010bc20
scsihaic78xxgetscbramctrls,0x00112ed0
scsihaic78xxputscbramctrls,0x00112f58
scsihaic78xxsetdatafifothrshdef,0x00118688
scsihaic78xxreaddatafifothrsh,0x00118690
scsihaic78xxupdatedatafifothrsh,0x00118698
scsihgetcachethen,0x00112fe0
scsihaic78xxupdatecachethen,0x001130a8
scsihaic78xxgetprofileparameter,0x00113ce0
scsihaic78xxputprofileparameter,0x00114518
scsihaic78xxcheckextarbackenbit,0x001135e0
scsihaic78xxgetqnewtail,0x001149e8
scsihaic78xxwaitforbusstable,0x00114be0
scsihaic78xxresetscsirate,0x00112c08
scsihaic78xxmaxsyncperiod,0x00117968
scsihaic78xxgettimercount,0x00114be8
scsihaicbayonetloadscsirate,0x00112ad0
scsihaicbayonetresetdfifo,0x00112df8
scsihaicbayonetenableioerr,0x00112e68
scsihaicbayonetgetxferperiod,0x00117728
scsihaicbayonetgetscsioffset,0x001185f8
scsihaicbayonetcalcscsirate,0x00117468
scsihaicbayonetclearscsioffset,0x00118630
scsihaicbayonetwassyncxfer,0x00118678
scsihaicbayonetprocessautoterm,0x0010bb08
scsihaicbayonetupdateextterm,0x0010be28
scsihaicbayonetgetscbramctrls,0x00112f10
scsihaicbayonetputscbramctrls,0x00112f98
scsihaicbayonetsetdatafifothrsh,0x001186e8
scsihaicbayonetreaddatafifothrs,0x001186f0
scsihaicbayonetupdatedatafifoth,0x00118738
scsihaicbayonetupdatecachethen,0x00113208
scsihaicbayonetgetprofileparame,0x00113f08
scsihaicbayonetputprofileparame,0x00114640
scsihaicbayonetcheckextarbacken,0x001136b0
scsihaicbayonetgetqnewtail,0x00114a30
scsihaicbayonetwaitforbusstable,0x00114ac0
scsihaicbayonetseqstretchworkar,0x00114eb0
scsihaicbayonetresetscsirate,0x00112c50
scsihaicbayonetmaxsyncperiod,0x00117970
scsihaicbayonetgettimercount,0x00114bf8
scsihaictridentloadscsirate,0x00112b48
scsihaictridentgetxferperiod,0x00117848
scsihaictridentcalcscsirate,0x00117588
scsihaictridentupdatecachethen,0x00113398
scsihaictridentgetprofileparame,0x001141b0
scsihaictridentputprofileparame,0x00114840
scsihaictridentresetscsirate,0x00112cc0
scsihaictridentclearscsirate,0x00112da8
scsihaictridentmaxsyncperiod,0x00117978
scsihswapping32setupsequencer,0x0010b500
scsihswappingresetsoftware,0x0010c520
scsihdeliverscb,0x0011c900
scsihswapping32patchxferopt,0x0011c9c0
scsihswapping32qheadbdr,0x0011d2b0
scsihstandardretrievescb,0x0011d148
scsihstandardqoutcnt,0x0011d200
scsihswappingtargetclearbusy,0x0010cc68
scsihswapping32requestsense,0x0011adf8
scsihswappingresetbta,0x0010cc00
scsihnonstandardgetconfig,0x0010acd0
scsihsetupassignscbbuffer,0x00111718
scsihchkcondxferassign,0x00117f28
scsihxferoptassign,0x00117e48
scsihswapping32commonxferassign,0x00118060
scsihswapping32updatexferoption,0x00118268
scsihhostgetoption,0x001182e8
scsihswappinggetfast20reg,0x00117980
scsihswappingclearfast20reg,0x001179a8
scsihswappinglogfast20map,0x00117ad0
scsihswapping32updatefast20host,0x00117cd0
scsihswapping32updatefast20hw,0x00117d08
scsihswappingclearallfast20reg,0x00118788
scsihswapping32modifydataptr,0x00118300
scsihswapping32activeabort,0x0011b740
scsihswappingaborthiob,0x0010d430
scsihstandardsearchdoneq,0x0010d960
scsihswappingsearchnewq,0x0010db80
scsihswapping32updateabortbitho,0x0010de58
scsihswapping32obtainnextscbnum,0x0010ddb0
scsihswapping32updatenextscbnum,0x0010de10
scsihswappingremoveactiveabort,0x0011be80
scsihswapping32setupbdr,0x0010df78
scsihswapping32residuecalc,0x0011bfd0
scsihswapping32ignorewideresidu,0x00118850
scsihswapping32setbreakpoint,0x00114c60
scsihswapping32clearbreakpoint,0x00114dc8
scsihswapping32freezehwqueue,0x0010e178
scsihswapping160msetupsequencer,0x0010b548
scsihswapping160mresetsoftware,0x0010c700
scsihswapping160mpatchxferopt,0x0011ca18
scsihswapping160mqheadbdr,0x0011d440
scsihswapping160mrequestsense,0x0011afa0
scsihswapping160mcommonxferassi,0x00118210
scsihswapping160mupdatexferopti,0x00118288
scsihswappingadvgetfast20reg,0x001179a0
scsihswapping160mmodifydataptr,0x00118480
scsihswapping160mactiveabort,0x0011b960
scsihswapping160maborthiob,0x0010d548
scsihswapping160mupdateabortbit,0x0010de88
scsihswapping160mobtainnextscbn,0x0010dde0
scsihswapping160mupdatenextscbn,0x0010de30
scsihstandardresetccctl,0x001134c8
scsihstandardinitcchhaddr,0x00113538
scsihswapping160msetupbdr,0x0010e078
scsihswapping160mresiduecalc,0x0011c268
scsihswapping160mignorewideresi,0x00118a28
scsihswapping160msetbreakpoint,0x00114d28
scsihswapping160mclearbreakpoin,0x00114e10
scsihswapping160mfreezehwqueue,0x0010e4f8
scsihswapping160msetintrfactort,0x00114ef8
scsihswapping160msetintrthresho,0x00114f70
scsihenableautorateoption,0x00114fe8
scsihdisableautorateoption,0x001150f0
scsihswapping160msetdisconnectd,0x00115240
scsihaborttask,0x0010faf8
scsihaborttaskset,0x0010fcb0
scsihsetuptargetreset,0x0010fe10
scsihswapping32qhead,0x0011ca80
scsihswapping160mqhead,0x0011ccb8
scsihpauseandwait,0x00110cf8
scsihunpause,0x00110d68
scsihloadsequencer,0x00111020
scsihwait4req,0x00111228
scsihdelaycount500us,0x00111438
scsihaic78xxautotermcable,0x00111c18
scsihcablesense,0x00111d40
scsihwritehcntrl,0x00112250
scsihwwwritehcntrl,0x00112408
scsihreadintstat,0x001126a8
scsihwwreadintstat,0x00112718
scsihgetaddressscbba32,0x00112948
scsihgetentity32fromscb,0x00112978
scsihcomparebusaddress,0x00112a58
scsihaic78xxgetspeed,0x00113780
scsihaicbayonetgetspeed,0x00113860
scsihaictridentgetspeed,0x00113900
scsihaic78xxcalcscsioption,0x001139a0
scsihaicbayonetcalcscsioption,0x00113ac0
scsihaictridentcalcscsioption,0x00113bd0
scsihnegotiate,0x00115458
scsihnegotiatewideorsync,0x00115638
scsihextmsgi,0x00115818
scsihinitiatewide,0x00115988
scsihverifywideresponse,0x00115a28
scsihinitiatesync,0x00115cd0
scsihverifysyncresponse,0x00115ec8
scsihrespondtowide,0x001161e0
scsihrespondtosync,0x00116410
scsihsendmessage,0x00116720
scsihreceivemessage,0x001169b8
scsihhandlemsgout,0x00116c18
scsihhandlemsgin,0x00116e10
scsihabortconnection,0x00117168
scsihchecksyncnego,0x00117db0
scsiheveniolength,0x001187c0
scsihresetchannelhardware,0x0010c000
scsihabortchannel,0x0010c428
scsihcommonresetsoftware,0x0010ca68
scsihsetaddressscratchba32,0x0010cb30
scsihswappingindexclearbusy,0x0010cca0
scsihresetscsi,0x0010ccf0
scsihscsibusreset,0x0010d1a0
scsihbusdevicereset,0x0010d348
scsihswappingsearchexeq,0x0010de50
scsihsetupenvironment,0x0010a600
scsihprepareconfig,0x0010a648
scsihgetcapability,0x0010a9f8
scsihgetcommonconfig,0x0010acf8
scsihgethardwareconfiguration,0x0010ad00
scsihgetidbasedconfiguration,0x0010b040
scsihinitializehardware,0x0010b590
scsihstarttorunsequencer,0x0010b980
scsihintsrst,0x00118bf8
scsihcableoutrst,0x00118f70
scsihintioerror,0x001192e8
scsihchecklength,0x00119538
scsihcdbabort,0x001197f8
scsihcheckcondition,0x00119ca0
scsihbadseq,0x0011a150
scsihintbadtag,0x0011a448
scsihaborttarget,0x0011a4f0
scsihintselto,0x0011a660
scsihintfree,0x0011a810
scsihparityerror,0x0011ab48
scsihterminatecommand,0x0011b1a0
scsihsetstat,0x0011b3a0
scsihbreakinterrupt,0x0011b4b8
scsihswappingremoveaborthiobfro,0x0011c518
scsihbuswasdead,0x0011c758
scsihreade2register,0x0011dc18
scsihwritee2register,0x0011dd58
scsihsende2address,0x0011df40
scsihwait2usec,0x0011e108
scsihtridentreadseeprom,0x0011e1a0
scsihtridentwriteseeprom,0x0011e458
scsihgetconfiguration,0x00109ff0
scsihgetmemorytable,0x0010a148
scsihapplymemorytable,0x0010a2b0
scsihinitialize,0x0010a380
scsihsetuphardware,0x0010a630
scsihsetunithandle,0x0010e8b8
scsihfreeunithandle,0x0010e8f0
scsihdisableirq,0x0010e8f8
scsihenableirq,0x0010e988
scsihpollirq,0x0010ea18
scsihqueuehiob,0x0010ea90
scsihqueuespecialhiob,0x0010eb48
scsihsavestate,0x0010eca8
scsihrestorestate,0x0010f3b8
scsihpowermanagement,0x0010fa30
scsihcheckhostidle,0x0010fa58
scsihcheckdeviceidle,0x0010faa0
scsihsuppressnegotiation,0x0010ff58
scsihforcenegotiation,0x00110088
scsihgethwinformation,0x001101b0
scsihputhwinformation,0x001107c0
scsihenableexpstatus,0x00110bd8
scsihdisableexpstatus,0x00110c68
scsihsizeseeprom,0x0011d5e0
scsihreadseeprom,0x0011d730
scsihwriteseeprom,0x0011d8f8
scsihenableextscbram,0x00110dd8
scsihdisableextscbram,0x00110f20
scsihreadscbram,0x00111798
scsihwritescbram,0x00111910
scsihhardwareinresetstate,0x00111a88
scsihreadscratchram,0x00111af0
scsihreadhaddr,0x00112828
scsihchecksigscb2,0x00115290
scsircompletehiob,0x0011ef68
scsircompletespecialhiob,0x0011f040
scsirasyncevent,0x0011f1a8
scsirgetfreehead,0x0011f910
scsirasynceventcommand,0x0011f918
scsirreset,0x0011e9b8
scsirscsibusreset,0x0011f458
scsirbusdevicereset,0x0011f4e8
scsiraborttask,0x0011f688
scsiraborttaskset,0x0011f740
scsirdisabletermination,0x0011f3a0
scsirallocatescb,0x0011fad8
scsirgetscb,0x0011fb78
scsirreturnscb,0x0011fbd0
scsirdevicequeueappend,0x0011fc30
scsirdevicequeueremove,0x0011fc80
scsiraborthiobindevq,0x0011fd18
scsircleardevicequeue,0x0011fdd0
scsirclearalldevicequeues,0x0011fed0
scsirhostqueueappend,0x0011ff50
scsirhostqueueremove,0x0011ff80
scsiraborthiobinhostq,0x00120000
scsirfindandaborthiob,0x001200a0
scsirclearhostqueue,0x001201c8
scsirfreescb,0x00120290
scsirfreecriteria,0x001203b8
scsirpostabortedhiob,0x00120520
scsirpostdonequeue,0x00120598
scsiradjustqueue,0x00120620
scsirfinishqueuefull,0x00120678
scsirfreezealldevicequeues,0x001206f0
scsirunfreezealldevicequeues,0x00120730
scsirfreezedevicequeue,0x001207b8
scsirunfreezedevicequeue,0x00120830
scsirdispatchqueuedhiob,0x00120880
scsirfreezehostqueue,0x0011ffb8
scsirunfreezehostqueue,0x0011ffd8
scsirgetconfiguration,0x0011e830
scsirgetmemorytable,0x0011e898
scsirapplymemorytable,0x0011e910
scsirinitialize,0x0011e950
scsirsetunithandle,0x0011ec28
scsirfreeunithandle,0x0011ec98
scsirqueuespecialhiob,0x0011ecd8
scsircheckhostidle,0x0011ee08
scsircheckdeviceidle,0x0011eeb8
scsirpowermanagement,0x0011f610
scsirgethwinformation,0x0011f800
scsirputhwinformation,0x0011f878
scsigetfunctionpointers,0x00120980
osdgetbusaddress,0x001268a8
osdtimer,0x00126940
osdadjustbusaddress,0x001268f0
osdreadpciconfiguration,0x00126990
osdwritepciconfiguration,0x001269d8
osdcompletehiob,0x00126310
osdcompletespecialhiob,0x00126398
osdasyncevent,0x00126a20
osdbuildscb,0x00125d80
osdgetsglist,0x001262e8
osdgethostaddress,0x00126b50
scsihcheckcableconnection,0x00127b10
scsixmaximizememory,0x00120bb0
osdswapping32buildscb,0x00125de0
osdswapping160mbuildscb,0x00126078
scsixtranslateerror,0x00126598
scsixapplynvdata,0x00126b68
scsixbiosexist,0x00127378
scsixoptimaexist,0x001274e0
scsixgetbiosinformation,0x00127640
scsixchklunexist,0x001277c0
scsixsetlunexist,0x00127800
scsixclearlunexist,0x00127838
scsixsetupbusscan,0x00127878
scsixsetuplunprobe,0x00127a08
scsixqueuebusscan,0x00127c28
scsixpostbusscan,0x001280c8
scsixqueuespecialiob,0x00128b48
scsixpostqueuespecialiob,0x00128c70
scsixdeterminefirmwaremode,0x00128c80
scsixgetnextsubsystemsubvendori,0x00128d78
scsixbayonetgetnextsubsystemsub,0x00128da0
scsixtridentgetnextsubsystemsub,0x00128dc8
scsixdeterminevalidnvdata,0x00128df0
scsixupdatedevicetable,0x00128ed8
scsixadjusttransferoption,0x001237a8
scsixisinvalidrelatediob,0x001240e0
scsigetnexthostdevicetype,0x001209c8
scsicreateinitializationtscb,0x00120a00
scsigetconfiguration,0x00120c18
scsisetconfiguration,0x00120c60
scsisizeadaptertscb,0x00120f30
scsicreateadaptertscb,0x00120f38
scsisetupadaptertscb,0x00121190
scsicheckmemoryneeded,0x001211d8
scsisetmemorypointer,0x00121490
scsiverifyadapter,0x001214f8
scsiinitialize,0x00121968
scsisizetargettscb,0x00121a88
scsichecktargettscbneeded,0x00121a90
scsicreatetargettscb,0x00121bc8
scsidisableirq,0x00121e40
scsienableirq,0x00121e80
scsipollirq,0x00121ef8
scsifrontendisr,0x00124828
scsibackendisr,0x00124ae0
scsiqueueiob,0x00124120
scsipowerevent,0x00121f38
scsivalidatetargettsh,0x00121f80
scsixnonscamvalidatelun,0x00121fa0
scsicleartargettsh,0x00121fd8
scsisavestate,0x001220b0
scsirestorestate,0x00122158
scsiprofileadapter,0x00122198
scsireportadjustableadapterprof,0x00122a90
scsiadjustadapterprofile,0x00122b98
scsiprofiletarget,0x001233a0
scsireportadjustabletargetprofi,0x00123758
scsiadjusttargetprofile,0x00123998
scsigetnvsize,0x00123b50
scsigetnvosmsegment,0x00123c58
scsiputnvdata,0x00123e88
scsigetnvdata,0x00123f98
scsiprofilenexus,0x001240d0
scsiclearnexustsh,0x001240d8
scsiprofilenode,0x001240b0
scsireportadjustablenodeprofile,0x001240b8
scsiadjustnodeprofile,0x001240c0
scsisetosmnodecontext,0x001240c8
scsicheckcableconnection,0x00121ec0
flash_read,0x001295c8
flash_write,0x00129600
flash_open,0x00129558
flash_close,0x00129590
lfu_pc264_init,0x00129438
lfu_kzpsa_init,0x00129d90
lfu_defpa_defea_init,0x0012ade0
lfu_cipca_init,0x0012bc20
lfu_kzpcc_init,0x0012c880
lfu_kzpcc_start,0x0012cac8
kzp_list,0x0012d4f0
kzp_update,0x0012d3c8
kzp_inquire,0x0012d5d8
kzp_validate,0x0012dc00
kzp_write,0x0012d240
kzp_open,0x0012cce8
kzp_close,0x0012d1f8
kzp_dpt_search,0x0012e6c0
kzp_print_dpt,0x0012e738
kzp_print_nvr,0x0012e9a8
kzp_fw_format,0x0012eab8
kzp_bios_format,0x0012ec40
kzp_smor_format,0x0012ec90
kzp_checkflash,0x0012e328
kzp_hd_helper,0x0012e3e0
kzp_inquire_helper,0x0012d718
kzp_verify_helper,0x0012dfa8
kzp_validate_helper,0x0012e160
lfu_kgpsa_init,0x0012ece0
lfu_ciss_init,0x00131420
lfu_ciss_inquire,0x00131aa0
lfu_ciss_validate,0x00131b70
lfu_ciss_write,0x00131cc0
lfu_ciss_open,0x001318b0
lfu_ciss_close,0x00131950
lfu_cissfw_open,0x001319d0
lfu_cissfw_close,0x00131a58
lfu_ciss_init_sub,0x00131550
ciss_open,0x00131d30
ciss_close,0x00131f30
ciss_command,0x00131f38
ciss_fw_write,0x00132220
ciss_fw_read,0x001322f0
ciss_old_firmware_rev,0x00132450
ciss_new_firmware_rev,0x001325f8
ciss_firmware_rev,0x00132630
ciss_compare,0x00132728
ciss_check,0x00132988
sym_read,0x00132b40
sym_write,0x00132bb8
sym_open,0x001329c0
sym_expand,0x00132c30
sym_lookup,0x00132a30
sym_table_lookup,0x00132b00
sym_init,0x00132dd0
numtim,0x001cc680
ods2_read,0x00132f28
ods2_write,0x00133070
ods2_open,0x00133078
ods2_close,0x00133220
ods2_expand,0x001332b0
ods2_validate,0x00133530
ods2_init,0x00132e60
ods2_find_byte,0x001340f0
ods2_read_file,0x00133f28
ods2_mount,0x00133538
ods2_open_file,0x00133798
ods2_dismount,0x001336e0
ods2_close_file,0x001338d0
ods2_get_header,0x00135268
ods2_scan_directory,0x001342f8
ods2_get_lbn,0x00135468
ods2_check_header,0x00133748
ods2_lookup,0x00133938
ods2_find_file,0x00133b68
ods2_find_record,0x001341b8
ods2_find_version,0x00133ea8
ods2_read_file_raw,0x00133f90
ods2_read_file_variable,0x00134000
ods2_get_vbn,0x00135500
ods2_compile,0x00134d70
ods2_show_file,0x00134f28
ods2_vbn_to_lbn,0x00135350
lfu_startup_init,0x00135570
tlist,0x0019a098
nlist,0x0016b900
